Player,Country
SR Tendulkar (INDIA),INDIA
RT Ponting (AUS),AUS
JH Kallis (ICC/SA),WORLD
R Dravid (ICC/INDIA),WORLD
AN Cook (ENG),ENGLAND
KC Sangakkara (SL),SL
BC Lara (ICC/WI),WORLD
S Chanderpaul (WI),WI
DPMD Jayawardene (SL),SL
AR Border (AUS),AUS
SR Waugh (AUS),AUS
SM Gavaskar (INDIA),INDIA
Younis Khan (PAK),PAK
HM Amla (SA),SA
GC Smith (ICC/SA),WORLD
GA Gooch (ENG),ENGLAND
Javed Miandad (PAK),PAK
Inzamam-ul-Haq (ICC/PAK),WORLD
VVS Laxman (INDIA),INDIA
AB de Villiers (SA),SA
MJ Clarke (AUS),AUS
ML Hayden (AUS),AUS
V Sehwag (ICC/INDIA),WORLD
IVA Richards (WI),WI
AJ Stewart (ENG),ENGLAND
DI Gower (ENG),ENGLAND
KP Pietersen (ENG),ENGLAND
G Boycott (ENG),ENGLAND
GS Sobers (WI),WI
ME Waugh (AUS),AUS
MA Atherton (ENG),ENGLAND
IR Bell (ENG),ENGLAND
JL Langer (AUS),AUS
MC Cowdrey (ENG),ENGLAND
CG Greenidge (WI),WI
Mohammad Yousuf (PAK),PAK
MA Taylor (AUS),AUS
CH Lloyd (WI),WI
DL Haynes (WI),WI
DC Boon (AUS),AUS
JE Root (ENG),ENGLAND
G Kirsten (SA),SA
WR Hammond (ENG),ENGLAND
CH Gayle (WI),WI
SC Ganguly (INDIA),INDIA
V Kohli (INDIA),INDIA
SP Fleming (NZ),NZ
SPD Smith (AUS),AUS
LRPL Taylor (NZ),NZ
GS Chappell (AUS),AUS
DA Warner (AUS),AUS
AJ Strauss (ENG),ENGLAND
DG Bradman (AUS),AUS
ST Jayasuriya (SL),SL
L Hutton (ENG),ENGLAND
DB Vengsarkar (INDIA),INDIA
KF Barrington (ENG),ENGLAND
GP Thorpe (ENG),ENGLAND
BB McCullum (NZ),NZ
KS Williamson (NZ),NZ
PA de Silva (SL),SL
MEK Hussey (AUS),AUS
RB Kanhai (WI),WI
M Azharuddin (INDIA),INDIA
HH Gibbs (SA),SA
RN Harvey (AUS),AUS
GR Viswanath (INDIA),INDIA
RB Richardson (WI),WI
Azhar Ali (PAK),PAK
RR Sarwan (WI),WI
ME Trescothick (ENG),ENGLAND
DCS Compton (ENG),ENGLAND
Saleem Malik (PAK),PAK
N Hussain (ENG),ENGLAND
CL Hooper (WI),WI
CA Pujara (INDIA),INDIA
MP Vaughan (ENG),ENGLAND
AD Mathews (SL),SL
AC Gilchrist (AUS),AUS
MV Boucher (ICC/SA),WORLD
MS Atapattu (SL),SL
TM Dilshan (SL),SL
TT Samaraweera (SL),SL
MD Crowe (NZ),NZ
JB Hobbs (ENG),ENGLAND
KD Walters (AUS),AUS
IM Chappell (AUS),AUS
JG Wright (NZ),NZ
MJ Slater (AUS),AUS
N Kapil Dev (INDIA),INDIA
WM Lawry (AUS),AUS
Misbah-ul-Haq (PAK),PAK
IT Botham (ENG),ENGLAND
JH Edrich (ENG),ENGLAND
A Ranatunga (SL),SL
Zaheer Abbas (PAK),PAK
TW Graveney (ENG),ENGLAND
MS Dhoni (INDIA),INDIA
RB Simpson (AUS),AUS
A Flower (ZIM),WORLD
IR Redpath (AUS),AUS
NJ Astle (NZ),NZ
AJ Lamb (ENG),ENGLAND
H Sutcliffe (ENG),ENGLAND
DJ Cullinan (SA),SA
HP Tillakaratne (SL),SL
PBH May (ENG),ENGLAND
DL Vettori (ICC/NZ),WORLD
Asad Shafiq (PAK),PAK
ER Dexter (ENG),ENGLAND
ED Weekes (WI),WI
FDM Karunaratne (SL),SL
KJ Hughes (AUS),AUS
MW Gatting (ENG),ENGLAND
DR Martyn (AUS),AUS
AI Kallicharran (WI),WI
APE Knott (ENG),ENGLAND
M Amarnath (INDIA),INDIA
IA Healy (AUS),AUS
RC Fredericks (WI),WI
Tamim Iqbal (BDESH),WORLD
MA Butcher (ENG),ENGLAND
PD Collingwood (ENG),ENGLAND
RA Smith (ENG),ENGLAND
Mushfiqur Rahim (BDESH),WORLD
SM Katich (AUS),AUS
G Gambhir (INDIA),INDIA
Mudassar Nazar (PAK),PAK
AM Rahane (INDIA),INDIA
MJ Prior (ENG),ENGLAND
Saeed Anwar (PAK),PAK
JM Bairstow (ENG),ENGLAND
M Vijay (INDIA),INDIA
Majid Khan (PAK),PAK
MN Samuels (WI),WI
Hanif Mohammad (PAK),PAK
Shakib Al Hasan (BDESH),WORLD
FMM Worrell (WI),WI
LD Chandimal (SL),SL
A Flintoff (ENG/ICC),WORLD
IJL Trott (ENG),ENGLAND
RJ Shastri (INDIA),INDIA
Imran Khan (PAK),PAK
F du Plessis (SA),SA
CL Walcott (WI),WI
BA Stokes (ENG),ENGLAND
SM Pollock (SA),SA
SR Watson (AUS),AUS
WJ Cronje (SA),SA
D Elgar (SA),SA
AG Prince (SA),SA
Mohammad Hafeez (PAK),PAK
Mushtaq Mohammad (PAK),PAK
RW Marsh (AUS),AUS
DM Jones (AUS),AUS
PR Umrigar (INDIA),INDIA
BJ Watling (NZ),NZ
DL Amiss (ENG),ENGLAND
AW Greig (ENG),ENGLAND
Asif Iqbal (PAK),PAK
TWM Latham (NZ),NZ
AR Morris (AUS),AUS
EH Hendren (ENG),ENGLAND
DM Bravo (WI),WI
KC Brathwaite (WI),WI
B Mitchell (SA),SA
GW Flower (ZIM),WORLD
BE Congdon (NZ),NZ
JR Reid (NZ),NZ
C Hill (AUS),AUS
GA Hick (ENG),ENGLAND
GM Wood (AUS),AUS
PJL Dujon (WI),WI
CL Cairns (NZ),NZ
Ijaz Ahmed (PAK),PAK
FE Woolley (ENG),ENGLAND
KWR Fletcher (ENG),ENGLAND
BJ Haddin (AUS),AUS
ND McKenzie (SA),SA
CC Hunte (WI),WI
VL Manjrekar (INDIA),INDIA
NS Sidhu (INDIA),INDIA
HA Gomes (WI),WI
VT Trumper (AUS),AUS
SCJ Broad (ENG),ENGLAND
SK Warne (AUS),AUS
Sir RJ Hadlee (NZ),NZ
CD McMillan (NZ),NZ
CC McDonald (AUS),AUS
BF Butcher (WI),WI
WPUJC Vaas (SL),SL
AL Hassett (AUS),AUS
CG Borde (INDIA),INDIA
Habibul Bashar (BDESH),WORLD
JC Adams (WI),WI
Saeed Ahmed (PAK),PAK
GM Turner (NZ),NZ
Taufeeq Umar (PAK),PAK
AD Nourse (SA),SA
KR Miller (AUS),AUS
HW Taylor (SA),SA
AH Jones (NZ),NZ
D Ramdin (WI),WI
Wasim Akram (PAK),PAK
UT Khawaja (AUS),AUS
SL Campbell (WI),WI
AC Parore (NZ),NZ
WW Armstrong (AUS),AUS
ADR Campbell (ZIM),WORLD
GR Marsh (AUS),AUS
Rameez Raja (PAK),PAK
Aamer Sohail (PAK),PAK
Wasim Raja (PAK),PAK
KR Stackpole (AUS),AUS
MAK Pataudi (INDIA),INDIA
KC Wessels (AUS/SA),WORLD
MM Ali (ENG),ENGLAND
NCL O'Neill (AUS),AUS
BKG Mendis (SL),SL
MH Richardson (NZ),NZ
M Leyland (ENG),ENGLAND
SMH Kirmani (INDIA),INDIA
GN Yallop (AUS),AUS
SJ McCabe (AUS),AUS
Moin Khan (PAK),PAK
Mahmudullah (BDESH),WORLD
Mohammad Ashraful (BDESH),WORLD
B Sutcliffe (NZ),NZ
Mohsin Khan (PAK),PAK
Shoaib Mohammad (PAK),PAK
MG Burgess (NZ),NZ
Q de Kock (SA),SA
JV Coney (NZ),NZ
Mominul Haque (BDESH),WORLD
Sarfaraz Ahmed (PAK),PAK
Kamran Akmal (PAK),PAK
JA Rudolph (SA),SA
FM Engineer (INDIA),INDIA
WW Hinds (WI),WI
MJ Guptill (NZ),NZ
Sadiq Mohammad (PAK),PAK
RD Jacobs (WI),WI
RS Mahanama (SL),SL
C Washbrook (ENG),ENGLAND
GS Blewett (AUS),AUS
JN Rhodes (SA),SA
GP Howarth (NZ),NZ
SM Nurse (WI),WI
EJ Barlow (SA),SA
TL Goddard (SA),SA
A Kumble (INDIA),INDIA
BL D'Oliveira (ENG),ENGLAND
AL Logie (WI),WI
DW Randall (ENG),ENGLAND
W Bardsley (AUS),AUS
KR Rutherford (NZ),NZ
AP Gurusinha (SL),SL
P Roy (INDIA),INDIA
WJ Edrich (ENG),ENGLAND
DJ McGlew (SA),SA
TG Evans (ENG),ENGLAND
LEG Ames (ENG),ENGLAND
JHB Waite (SA),SA
Imran Farhat (PAK),PAK
R Ashwin (INDIA),INDIA
MR Ramprakash (ENG),ENGLAND
W Rhodes (ENG),ENGLAND
S Dhawan (INDIA),INDIA
GT Dowling (NZ),NZ
WM Woodfull (AUS),AUS
TE Bailey (ENG),ENGLAND
PJP Burge (AUS),AUS
SE Gregory (AUS),AUS
MJK Smith (ENG),ENGLAND
SE Marsh (AUS),AUS
RG Pollock (SA),SA
AW Nourse (SA),SA
Harbhajan Singh (INDIA),INDIA
H Masakadza (ZIM),WORLD
GJ Whittall (ZIM),WORLD
R Benaud (AUS),AUS
DJ Bravo (WI),WI
VS Hazare (INDIA),INDIA
GA Headley (WI),WI
D Ganga (WI),WI
JB Stollmeyer (WI),WI
RG Sharma (INDIA),INDIA
CG Macartney (AUS),AUS
HAPW Jayawardene (SL),SL
WH Ponsford (AUS),AUS
RA McLean (SA),SA
AL Wadekar (INDIA),INDIA
MH Mankad (INDIA),INDIA
JP Duminy (SA),SA
JK Silva (SL),SL
AN Petersen (SA),SA
CPS Chauhan (INDIA),INDIA
Imtiaz Ahmed (PAK),PAK
MG Johnson (AUS),AUS
K Srikkanth (INDIA),INDIA
RM Cowper (AUS),AUS
PE Richardson (ENG),ENGLAND
ML Jaisimha (INDIA),INDIA
LG Rowe (WI),WI
JC Buttler (ENG),ENGLAND
SV Manjrekar (INDIA),INDIA
BA Young (NZ),NZ
MJ Greatbatch (NZ),NZ
CJL Rogers (AUS),AUS
KOA Powell (WI),WI
AC Hudson (SA),SA
KL Rahul (INDIA),INDIA
DN Sardesai (INDIA),INDIA
TW Hayward (ENG),ENGLAND
MA Noble (AUS),AUS
DL Murray (WI),WI
HH Streak (ZIM),WORLD
AD Gaekwad (INDIA),INDIA
G Pullar (ENG),ENGLAND
BM McMillan (SA),SA
EAB Rowan (SA),SA
JM Parks (ENG),ENGLAND
BA Edgar (NZ),NZ
Abdul Razzaq (PAK),PAK
W Jaffer (INDIA),INDIA
RS Kaluwitharana (SL),SL
AC MacLaren (ENG),ENGLAND
L Klusener (SA),SA
Yuvraj Singh (INDIA),INDIA
JO Holder (WI),WI
Shoaib Malik (PAK),PAK
RC Russell (ENG),ENGLAND
Salman Butt (PAK),PAK
PH Parfitt (ENG),ENGLAND
N Dickwella (SL),SL
GRJ Matthews (AUS),AUS
RA Jadeja (INDIA),INDIA
BRM Taylor (ZIM),WORLD
RES Wyatt (ENG),ENGLAND
R Illingworth (ENG),ENGLAND
RP Arnold (SL),SL
IDS Smith (NZ),NZ
T Bavuma (SA),SA
MD Marshall (WI),WI
JP Crawley (ENG),ENGLAND
DS Lehmann (AUS),AUS
Imrul Kayes (BDESH),WORLD
NT Paranavitana (SL),SL
MJ Horne (NZ),NZ
JDP Oram (NZ),NZ
BC Booth (AUS),AUS
DS Smith (WI),WI
DM de Silva (SL),SL
CJ Tavare (ENG),ENGLAND
GA Faulkner (SA),SA
WU Tharanga (SL),SL
Javed Omar (BDESH),WORLD
HH Dippenaar (SA),SA
Shahid Afridi (PAK),PAK
JE Emburey (ENG),ENGLAND
HM Nicholls (NZ),NZ
Babar Azam (PAK),PAK
VD Philander (SA),SA
HMRKB Herath (SL),SL
RL Chase (WI),WI
GM Ritchie (AUS),AUS
KC Bland (SA),SA
MH Denness (ENG),ENGLAND
TG Southee (NZ),NZ
BC Broad (ENG),ENGLAND
JT Tyldesley (ENG),ENGLAND
J Darling (AUS),AUS
J Hardstaff jnr (ENG),ENGLAND
MS Sinclair (NZ),NZ
WR Endean (SA),SA
RB McCosker (AUS),AUS
SV Carlisle (ZIM),WORLD
NJ Contractor (INDIA),INDIA
Yashpal Sharma (INDIA),INDIA
JJ Crowe (NZ),NZ
RT Robinson (ENG),ENGLAND
M Prabhakar (INDIA),INDIA
AP Sheahan (AUS),AUS
WA Brown (AUS),AUS
SM Patil (INDIA),INDIA
SB Styris (NZ),NZ
RH Catterall (SA),SA
T Taibu (ZIM),WORLD
E Paynter (ENG),ENGLAND
PJ Hughes (AUS),AUS
BF Hastings (NZ),NZ
KD Mackay (AUS),AUS
RR Lindwall (AUS),AUS
Qasim Umar (PAK),PAK
GS Ballance (ENG),ENGLAND
SD Hope (WI),WI
JM Parker (NZ),NZ
RW Barber (ENG),ENGLAND
Intikhab Alam (PAK),PAK
MA Starc (AUS),AUS
Yasir Hameed (PAK),PAK
WB Phillips (AUS),AUS
AC Voges (AUS),AUS
DL Houghton (ZIM),WORLD
A Symonds (AUS),AUS
B Lee (AUS),AUS
FJ Titmus (ENG),ENGLAND
SO Dowrich (WI),WI
JM Brearley (ENG),ENGLAND
NR Mongia (INDIA),INDIA
CEL Ambrose (WI),WI
WAS Oldfield (AUS),AUS
AK Markram (SA),SA
C Kelleway (AUS),AUS
AF Giles (ENG),ENGLAND
MS Wade (AUS),AUS
Hon.FS Jackson (ENG),ENGLAND
MW Goodwin (ZIM),WORLD
RG Nadkarni (INDIA),INDIA
Khaled Mashud (BDESH),WORLD
HDRL Thirimanne (SL),SL
RT Simpson (ENG),ENGLAND
J Ryder (AUS),AUS
KLT Arthurton (WI),WI
Rashid Latif (PAK),PAK
GP Swann (ENG),ENGLAND
S Ramesh (INDIA),INDIA
Wasim Bari (PAK),PAK
KG Viljoen (SA),SA
J Blackwood (WI),WI
J Dyson (AUS),AUS
DJ Richardson (SA),SA
HL Collins (AUS),AUS
Javed Burki (PAK),PAK
BM Laird (AUS),AUS
L Vincent (NZ),NZ
OG Smith (WI),WI
LRD Mendis (SL),SL
AK Davidson (AUS),AUS
SS Das (INDIA),INDIA
JS Solomon (WI),WI
DJG Sammy (WI),WI
JA Burns (AUS),AUS
RA Duff (AUS),AUS
N Boje (SA),SA
G Fowler (ENG),ENGLAND
DW Hookes (AUS),AUS
CA Davis (WI),WI
BW Luckhurst (ENG),ENGLAND
DR Jardine (ENG),ENGLAND
JF Reid (NZ),NZ
TD Paine (AUS),AUS
RL Dias (SL),SL
KS More (INDIA),INDIA
JW Burke (AUS),AUS
A Shrewsbury snr (ENG),ENGLAND
UC Hathurusingha (SL),SL
JD Ryder (NZ),NZ
Shahriar Nafees (BDESH),WORLD
V Pollard (NZ),NZ
RF Surti (INDIA),INDIA
M Muralitharan (ICC/SL),WORLD
MR Marsh (AUS),AUS
DW Steyn (SA),SA
GE Gomez (WI),WI
HB Cameron (SA),SA
G Giffen (AUS),AUS
WP Saha (INDIA),INDIA
Z Khan (INDIA),INDIA
DG Phadkar (INDIA),INDIA
DD Ebrahim (ZIM),WORLD
CB Fry (ENG),ENGLAND
S Wettimuny (SL),SL
JN Gillespie (AUS),AUS
Haroon Rasheed (PAK),PAK
G Miller (ENG),ENGLAND
VS Ransford (AUS),AUS
MDK Perera (SL),SL
SA Durani (INDIA),INDIA
DN Patel (NZ),NZ
MW Tate (ENG),ENGLAND
AF Kippax (AUS),AUS
JHW Fingleton (AUS),AUS
M Labuschagne (AUS),AUS
CP Mead (ENG),ENGLAND
P Willey (ENG),ENGLAND
SC Williams (WI),WI
JM Anderson (ENG),ENGLAND
GS Ramchand (INDIA),INDIA
MTG Elliott (AUS),AUS
GO Jones (ENG),ENGLAND
Rev.DS Sheppard (ENG),ENGLAND
R Edwards (AUS),AUS
MJ North (AUS),AUS
PM Siddle (AUS),AUS
RW Taylor (ENG),ENGLAND
BW Sinclair (NZ),NZ
JM Gregory (AUS),AUS
CR Woakes (ENG),ENGLAND
MG Vandort (SL),SL
Rajin Saleh (BDESH),WORLD
DT Lindsay (SA),SA
MC Carew (WI),WI
Faisal Iqbal (PAK),PAK
G Gunn (ENG),ENGLAND
AC Bannerman (AUS),AUS
CC Lewis (ENG),ENGLAND
IK Pathan (INDIA),INDIA
BP Nash (WI),WI
JA Raval (NZ),NZ
CJ Barnett (ENG),ENGLAND
WG Grace (ENG),ENGLAND
CB Wishart (ZIM),WORLD
Alimuddin (PAK),PAK
Shan Masood (PAK),PAK
VG Kambli (INDIA),INDIA
TM Head (AUS),AUS
AMJ Hilditch (AUS),AUS
SG Barnes (AUS),AUS
Waqar Hasan (PAK),PAK
JH Sinclair (SA),SA
ED Solkar (INDIA),INDIA
JKC Holt (WI),WI
Mohammad Rafique (BDESH),WORLD
RA Woolmer (ENG),ENGLAND
Saleem Yousuf (PAK),PAK
C White (ENG),ENGLAND
Sarfraz Nawaz (PAK),PAK
C de Grandhomme (NZ),NZ
Nasir Hossain (BDESH),WORLD
S Madan Lal (INDIA),INDIA
DR Flynn (NZ),NZ
MG Hughes (AUS),AUS
Abdul Qadir (PAK),PAK
RS Madugalle (SL),SL
KD Karthik (INDIA),INDIA
NM Lyon (AUS),AUS
GJ Rennie (ZIM),WORLD
S Abid Ali (INDIA),INDIA
AF Rae (WI),WI
KJ Wadsworth (NZ),NZ
Waqar Younis (PAK),PAK
J Srinath (INDIA),INDIA
SJ Snooke (SA),SA
Umar Akmal (PAK),PAK
PV Simmons (WI),WI
JG Bracewell (NZ),NZ
EJM Cowan (AUS),AUS
IWG Johnson (AUS),AUS
JM Taylor (AUS),AUS
AE Stoddart (ENG),ENGLAND
KS Duleepsinhji (ENG),ENGLAND
AV Mankad (INDIA),INDIA
GE Tyldesley (ENG),ENGLAND
KS Ranjitsinhji (ENG),ENGLAND
LC Braund (ENG),ENGLAND
KA Edwards (WI),WI
R Subba Row (ENG),ENGLAND
JW Zulch (SA),SA
Ahmed Shehzad (PAK),PAK
BK Kunderan (INDIA),INDIA
FS Trueman (ENG),ENGLAND
RJ Burns (ENG),ENGLAND
B Yardley (AUS),AUS
IJ Siedle (SA),SA
BP Patel (INDIA),INDIA
Junaid Siddique (BDESH),WORLD
PG Fulton (NZ),NZ
JWHT Douglas (ENG),ENGLAND
FCM Alexander (WI),WI
SA Thomson (NZ),NZ
PS McDonnell (AUS),AUS
PR Reiffel (AUS),AUS
CA Roach (WI),WI
G Ulyett (ENG),ENGLAND
GD McKenzie (AUS),AUS
M Morkel (SA),SA
CR Ervine (ZIM),WORLD
CJ McDermott (AUS),AUS
DL Underwood (ENG),ENGLAND
CA Walsh (WI),WI
PAJ DeFreitas (ENG),ENGLAND
PSP Handscomb (AUS),AUS
PA Patel (INDIA),INDIA
MDKJ Perera (SL),SL
Asif Mujtaba (PAK),PAK
BL Cairns (NZ),NZ
AH Kardar (INDIA/PAK),WORLD
Saqlain Mushtaq (PAK),PAK
APF Chapman (ENG),ENGLAND
DS Atkinson (WI),WI
CM Spearman (NZ),NZ
GHS Trott (AUS),AUS
CWJ Athey (ENG),ENGLAND
DA Allen (ENG),ENGLAND
JR Murray (WI),WI
KD Ghavri (INDIA),INDIA
MA Holding (WI),WI
CAG Russell (ENG),ENGLAND
WL Murdoch (AUS/ENG),WORLD
DK Lillee (AUS),AUS
AFA Lilley (ENG),ENGLAND
PA Jaques (AUS),AUS
Azhar Mahmood (PAK),PAK
BR Taylor (NZ),NZ
GJ Cosier (AUS),AUS
RJ Christiani (WI),WI
GF Lawson (AUS),AUS
A Melville (SA),SA
PM Toohey (AUS),AUS
SN McGregor (NZ),NZ
ATW Grout (AUS),AUS
KAJ Roach (WI),WI
DB Close (ENG),ENGLAND
AM Blignaut (ZIM),WORLD
JE Cheetham (SA),SA
JDB Robertson (ENG),ENGLAND
A Sandham (ENG),ENGLAND
W Watson (ENG),ENGLAND
L Amarnath (INDIA),INDIA
PH Edmonds (ENG),ENGLAND
H Carter (AUS),AUS
HR Adhikari (INDIA),INDIA
MA Agarwal (INDIA),INDIA
GC White (SA),SA
HDPK Dharmasena (SL),SL
BD Julien (WI),WI
DG Cork (ENG),ENGLAND
HJ Tayfield (SA),SA
AR Caddick (ENG),ENGLAND
GRJ Roope (ENG),ENGLAND
JDC Goddard (WI),WI
VM Merchant (INDIA),INDIA
Basit Ali (PAK),PAK
JE Taylor (WI),WI
D Gough (ENG),ENGLAND
TG McIntosh (NZ),NZ
H Trumble (AUS),AUS
CM Old (ENG),ENGLAND
RGD Willis (ENG),ENGLAND
PA Strang (ZIM),WORLD
SO Hetmyer (WI),WI
AM Bacher (SA),SA
RMH Binny (INDIA),INDIA
TJ Franklin (NZ),NZ
KJ Funston (SA),SA
SM Warnapura (SL),SL
AJ Pithey (SA),SA
WW Hall (WI),WI
Sikandar Raza (ZIM),WORLD
Soumya Sarkar (BDESH),WORLD
Khurram Manzoor (PAK),PAK
J Briggs (ENG),ENGLAND
AR MacGibbon (NZ),NZ
TR Veivers (AUS),AUS
BR Knight (ENG),ENGLAND
NWD Yardley (ENG),ENGLAND
AJ Watkins (ENG),ENGLAND
TR Gripper (ZIM),WORLD
JEC Franklin (NZ),NZ
FA Iredale (AUS),AUS
JR Ratnayeke (SL),SL
JW Hearne (ENG),ENGLAND
RAS Lakmal (SL),SL
Wazir Mohammad (PAK),PAK
JM Blackham (AUS),AUS
Mashrafe Mortaza (BDESH),WORLD
GH Hirst (ENG),ENGLAND
GB Hole (AUS),AUS
PJ Sharpe (ENG),ENGLAND
MG Bevan (AUS),AUS
PR Downton (ENG),ENGLAND
CF Walters (ENG),ENGLAND
W Mathias (PAK),PAK
Mohammad Wasim (PAK),PAK
SFAF Bacchus (WI),WI
KK Jennings (ENG),ENGLAND
WK Lees (NZ),NZ
CZ Harris (NZ),NZ
NRD Compton (ENG),ENGLAND
RWT Key (ENG),ENGLAND
JM How (NZ),NZ
JA Snow (ENG),ENGLAND
DAJ Holford (WI),WI
SK Raina (INDIA),INDIA
A Turner (AUS),AUS
AME Roberts (WI),WI
AJ Hall (SA),SA
Sami Aslam (PAK),PAK
LE Favell (AUS),AUS
HD Rutherford (NZ),NZ
RR Pant (INDIA),INDIA
Mohammad Amir (PAK),PAK
GOB Allen (ENG),ENGLAND
S Venkataraghavan (INDIA),INDIA
Nasim-ul-Ghani (PAK),PAK
R Abel (ENG),ENGLAND
Haris Sohail (PAK),PAK
Liton Das (BDESH),WORLD
SJ Harmison (ENG/ICC),WORLD
GAR Lock (ENG),ENGLAND
MJ Santner (NZ),NZ
PL Symcox (SA),SA
RS Modi (INDIA),INDIA
EAS Prasanna (INDIA),INDIA
FR Brown (ENG),ENGLAND
RW Morgan (NZ),NZ
JJ Lyons (AUS),AUS
J Arun Lal (INDIA),INDIA
MD Bell (NZ),NZ
DJ Nash (NZ),NZ
W Barnes (ENG),ENGLAND
N Deonarine (WI),WI
DJ Malan (ENG),ENGLAND
CB van Ryneveld (SA),SA
CS Dempster (NZ),NZ
WW Read (ENG),ENGLAND
NV Knight (ENG),ENGLAND
Asim Kamal (PAK),PAK
AV Bedser (ENG),ENGLAND
RG Archer (AUS),AUS
DG Brownlie (NZ),NZ
JDS Neesham (NZ),NZ
D Bishoo (WI),WI
VY Richardson (AUS),AUS
I Sharma (INDIA),INDIA
W Bruce (AUS),AUS
ARS Silva (SL),SL
Yasir Shah (PAK),PAK
EJG Morgan (ENG),ENGLAND
M Ntini (SA),SA
EL Dalton (SA),SA
WM Darling (AUS),AUS
DR Pringle (ENG),ENGLAND
IC Davis (AUS),AUS
Hanumant Singh (INDIA),INDIA
Al Sahariar (BDESH),WORLD
CJ Anderson (NZ),NZ
FL Fane (ENG),ENGLAND
VA Holder (WI),WI
A Bacher (SA),SA
JR Thomson (AUS),AUS
RW Chakabva (ZIM),WORLD
JC Laker (ENG),ENGLAND
JB Statham (ENG),ENGLAND
DS Steele (ENG),ENGLAND
J Garner (WI),WI
H Verity (ENG),ENGLAND
BA Pocock (NZ),NZ
JJ Kelly (AUS),AUS
DPB Morkel (SA),SA
Hannan Sarkar (BDESH),WORLD
AB Barath (WI),WI
KD Boyce (WI),WI
W Bates (ENG),ENGLAND
BS Bedi (INDIA),INDIA
JFM Morrison (NZ),NZ
Mushtaq Ahmed (PAK),PAK
Mansoor Akhtar (PAK),PAK
C Milburn (ENG),ENGLAND
JH Wardle (ENG),ENGLAND
AA Donald (SA),SA
HJH Marshall (NZ),NZ
JL Denly (ENG),ENGLAND
A Mishra (INDIA),INDIA
KJ O'Keeffe (AUS),AUS
GD McGrath (AUS),AUS
GS Camacho (WI),WI
PJ Cummins (AUS),AUS
AFG Griffith (WI),WI
Mehidy Hasan Miraz (BDESH),WORLD
MT Renshaw (AUS),AUS
LN Constantine (WI),WI
IR Bishop (WI),WI
SC Cook (SA),SA
HG Deane (SA),SA
RG Twose (NZ),NZ
PN Kirsten (SA),SA
TW Jarvis (NZ),NZ
M Kaif (INDIA),INDIA
PF Warner (ENG),ENGLAND
Fazal Mahmood (PAK),PAK
JAJ Christy (SA),SA
UDU Chandana (SL),SL
TA Boult (NZ),NZ
TMK Mawoyo (ZIM),WORLD
RC Motz (NZ),NZ
S Mushtaq Ali (INDIA),INDIA
RWV Robins (ENG),ENGLAND
JC Watkins (SA),SA
CS Baugh (WI),WI
SM Curran (ENG),ENGLAND
PM Pollock (SA),SA
JT Ikin (ENG),ENGLAND
RJ Harris (AUS),AUS
RE Foster (ENG),ENGLAND
DA Murray (WI),WI
AG Steel (ENG),ENGLAND
BAG Murray (NZ),NZ
TJE Andrews (AUS),AUS
Adnan Akmal (PAK),PAK
RG Barlow (ENG),ENGLAND
HR Lance (SA),SA
V Sibanda (ZIM),WORLD
MD Craig (NZ),NZ
K Rabada (SA),SA
MHN Walker (AUS),AUS
Alok Kapali (BDESH),WORLD
Aftab Ahmed (BDESH),WORLD
MP Donnelly (NZ),NZ
PA Gibb (ENG),ENGLAND
MLC Foster (WI),WI
Umar Gul (PAK),PAK
MN Waller (ZIM),WORLD
A Jadeja (INDIA),INDIA
RS Bopara (ENG),ENGLAND
TT Bresnan (ENG),ENGLAND
AD Hales (ENG),ENGLAND
CE McLeod (AUS),AUS
RS Morton (WI),WI
AB Agarkar (INDIA),INDIA
SB Doull (NZ),NZ
E Chigumbura (ZIM),WORLD
GL Jessop (ENG),ENGLAND
DAJ Bracewell (NZ),NZ
KA Maharaj (SA),SA
Aamer Malik (PAK),PAK
EDAS McMorris (WI),WI
GO Rabone (NZ),NZ
CV Grimmett (AUS),AUS
MF Maharoof (SL),SL
GP Wickramasinghe (SL),SL
SJE Loxton (AUS),AUS
N Wagner (NZ),NZ
SC Williams (ZIM),WORLD
AG Chipperfield (AUS),AUS
B Kumar (INDIA),INDIA
D Lloyd (ENG),ENGLAND
S Amarnath (INDIA),INDIA
M Dillon (WI),WI
Iqbal Qasim (PAK),PAK
JM Vince (ENG),ENGLAND
CB Llewellyn (SA),SA
Shoaib Akhtar (PAK),PAK
WA Hadlee (NZ),NZ
ML Apte (INDIA),INDIA
AG Cremer (ZIM),WORLD
AU Rashid (ENG),ENGLAND
LPC Silva (SL),SL
RA Harper (WI),WI
RO Collinge (NZ),NZ
PJ Moor (ZIM),WORLD
PL van der Merwe (SA),SA
NC Johnson (ZIM),WORLD
HH Pandya (INDIA),INDIA
S Ranatunga (SL),SL
Aminul Islam (BDESH),WORLD
CC Griffith (WI),WI
DR Hadlee (NZ),NZ
LJ Tancred (SA),SA
MD Stoneman (ENG),ENGLAND
CL Vincent (SA),SA
CS Serjeant (AUS),AUS
GR Dilley (ENG),ENGLAND
Shahadat Hossain (BDESH),WORLD
Nafees Iqbal (BDESH),WORLD
GJ Bonnor (AUS),AUS
WW Wade (SA),SA
WH Scotton (ENG),ENGLAND
AJY Hopkins (AUS),AUS
BA Richards (SA),SA
Maqsood Ahmed (PAK),PAK
JT Murray (ENG),ENGLAND
RO Hinds (WI),WI
BJ Hodge (AUS),AUS
BK Shepherd (AUS),AUS
Taslim Arif (PAK),PAK
ME Chapple (NZ),NZ
JB Bolus (ENG),ENGLAND
W Larkins (ENG),ENGLAND
ML Page (NZ),NZ
LR Gibbs (WI),WI
Mohammad Sami (PAK),PAK
A Ward (ENG),ENGLAND
SJ Benn (WI),WI
FR Martin (WI),WI
Imam-ul-Haq (PAK),PAK
H Larwood (ENG),ENGLAND
CE Pellew (AUS),AUS
GJ Gilmour (AUS),AUS
PR Sleep (AUS),AUS
CT Radley (ENG),ENGLAND
Sabbir Rahman (BDESH),WORLD
RH Spooner (ENG),ENGLAND
BW Yuile (NZ),NZ
JED Sealy (WI),WI
J Worrall (AUS),AUS
KTGD Prasad (SL),SL
LS Darling (AUS),AUS
A Jackson (AUS),AUS
MJ Hoggard (ENG),ENGLAND
TP Horan (AUS),AUS
SB Bangar (INDIA),INDIA
WKM Benjamin (WI),WI
JT Brown (ENG),ENGLAND
JN Crawford (ENG),ENGLAND
AB Williams (WI),WI
PM Nevill (AUS),AUS
GH Vihari (INDIA),INDIA
BC Strang (ZIM),WORLD
RJ Peterson (SA),SA
JM Read (ENG),ENGLAND
PL Harris (SA),SA
PGV van der Bijl (SA),SA
CL McCool (AUS),AUS
TA Ward (SA),SA
VJ Scott (NZ),NZ
A Cotter (AUS),AUS
AR Lewis (ENG),ENGLAND
TE Blain (NZ),NZ
TM Moody (AUS),AUS
JM Blanckenberg (SA),SA
DAS Gunaratne (SL),SL
MD Moxon (ENG),ENGLAND
BH Pairaudeau (WI),WI
BH Valentine (ENG),ENGLAND
B Wood (ENG),ENGLAND
Mohammed Shami (INDIA),INDIA
Saeed Ajmal (PAK),PAK
MA Vermeulen (ZIM),WORLD
WV Raman (INDIA),INDIA
IS Sodhi (NZ),NZ
TR Ambrose (ENG),ENGLAND
TJ Friend (ZIM),WORLD
JL Hendriks (WI),WI
CT Bancroft (AUS),AUS
NA Foster (ENG),ENGLAND
RJ Bright (AUS),AUS
MS Kasprowicz (AUS),AUS
CD Cumming (NZ),NZ
Mohammad Ilyas (PAK),PAK
JW Guy (NZ),NZ
RM Hogg (AUS),AUS
WM Wallace (NZ),NZ
A Chopra (INDIA),INDIA
Saleem Elahi (PAK),PAK
RJ Ratnayake (SL),SL
PL Taylor (AUS),AUS
AA Mallett (AUS),AUS
AA Baig (INDIA),INDIA
TB de Bruyn (SA),SA
SP Jones (AUS),AUS
Imran Nazir (PAK),PAK
R Peel (ENG),ENGLAND
PW Sherwell (SA),SA
DR Tuffey (NZ),NZ
NM Hauritz (AUS),AUS
DT Ring (AUS),AUS
PK Amre (INDIA),INDIA
D Denton (ENG),ENGLAND
RW Anderson (NZ),NZ
AG Kripal Singh (INDIA),INDIA
GG Arnold (ENG),ENGLAND
RDB Croft (ENG),ENGLAND
HG Vivian (NZ),NZ
RB Desai (INDIA),INDIA
CK Kapugedera (SL),SL
CL King (WI),WI
Naeem Islam (BDESH),WORLD
AE Relf (ENG),ENGLAND
GL Weir (NZ),NZ
JL Pattinson (AUS),AUS
GC Grant (WI),WI
AG Fairfax (AUS),AUS
WJ O'Reilly (AUS),AUS
AH Bakewell (ENG),ENGLAND
DJ Insole (ENG),ENGLAND
DBL Powell (WI),WI
DS de Silva (SL),SL
JH Hampshire (ENG),ENGLAND
LR Johnson (WI),WI
AJ Richardson (AUS),AUS
NS Yadav (INDIA),INDIA
JR Hazlewood (AUS),AUS
TL Best (WI),WI
KE Rigg (AUS),AUS
BN Jarman (AUS),AUS
NBF Mann (SA),SA
M van Jaarsveld (SA),SA
C Sharma (INDIA),INDIA
Abdur Rehman (PAK),PAK
JW Gleeson (AUS),AUS
Shujauddin (PAK),PAK
S van Zyl (SA),SA
JEF Beck (NZ),NZ
FH Edwards (WI),WI
SJ Rixon (AUS),AUS
D Tallon (AUS),AUS
W Gunn (ENG),ENGLAND
CL Smith (ENG),ENGLAND
KMDN Kulasekara (SL),SL
RB Minnett (AUS),AUS
ARC Fraser (ENG),ENGLAND
CO Browne (WI),WI
VC Drakes (WI),WI
MS Harris (AUS),AUS
J Mubarak (SL),SL
MJ Stewart (ENG),ENGLAND
Tapash Baisya (BDESH),WORLD
EE Hemmings (ENG),ENGLAND
J Moroney (AUS),AUS
LK Germon (NZ),NZ
DR Parry (WI),WI
JS Patel (NZ),NZ
PGH Fender (ENG),ENGLAND
RIC Holder (WI),WI
DK Morrison (NZ),NZ
S Shivnarine (WI),WI
PGZ Harris (NZ),NZ
GN Edwards (NZ),NZ
FG Mann (ENG),ENGLAND
DJ Capel (ENG),ENGLAND
GRA Langley (AUS),AUS
KK Nair (INDIA),INDIA
RO Schwarz (SA),SA
Taijul Islam (BDESH),WORLD
WGA Parkhouse (ENG),ENGLAND
RG Samuels (WI),WI
AE Dick (NZ),NZ
Talat Ali (PAK),PAK
KDK Vithanage (SL),SL
NAM McLean (WI),WI
IDK Salisbury (ENG),ENGLAND
PJ Wiseman (NZ),NZ
NJN Hawke (AUS),AUS
WE Russell (ENG),ENGLAND
S Ramadhin (WI),WI
PR Adams (SA),SA
Danish Kaneria (PAK),PAK
CMW Read (ENG),ENGLAND
PS de Villiers (SA),SA
HJH Scott (AUS),AUS
ID Craig (AUS),AUS
BC Rose (ENG),ENGLAND
P Holmes (ENG),ENGLAND
SJ Pegler (SA),SA
AJ Bichel (AUS),AUS
JMM Commaille (SA),SA
BW Hilfenhaus (AUS),AUS
PNF Mansell (SA),SA
MS Nichols (ENG),ENGLAND
MB Poore (NZ),NZ
WA Shalders (SA),SA
RT Spooner (ENG),ENGLAND
MN Hart (NZ),NZ
BL Irvine (SA),SA
SAR Silva (SL),SL
HB Taber (AUS),AUS
SB Joshi (INDIA),INDIA
JG Leggat (NZ),NZ
S Matsikenyeri (ZIM),WORLD
DK Gaekwad (INDIA),INDIA
P Lever (ENG),ENGLAND
CK Nayudu (INDIA),INDIA
SCG MacGill (AUS),AUS
CR Matthews (SA),SA
EP Nupen (SA),SA
Jahurul Islam (BDESH),WORLD
LSM Miller (NZ),NZ
MA Carberry (ENG),ENGLAND
EW Freeman (AUS),AUS
Rizwan-uz-Zaman (PAK),PAK
Sanwar Hossain (BDESH),WORLD
Lord Tennyson (ENG),ENGLAND
D Dasgupta (INDIA),INDIA
FA Rose (WI),WI
LA Stricker (SA),SA
TM Dowlin (WI),WI
FLH Mooney (NZ),NZ
CA Best (WI),WI
DJ Brown (ENG),ENGLAND
KL Hutchings (ENG),ENGLAND
CFK van Wyk (NZ),NZ
AEE Vogler (SA),SA
TW Garrett (AUS),AUS
GJ Maxwell (AUS),AUS
UT Yadav (INDIA),INDIA
A Nel (SA),SA
Mahmood Hussain (PAK),PAK
Raqibul Hasan (BDESH),WORLD
SD Robson (ENG),ENGLAND
HSTL Hendry (AUS),AUS
R Rampaul (WI),WI
MH Dekker (ZIM),WORLD
BT Foakes (ENG),ENGLAND
RC Blunt (NZ),NZ
FR Foster (ENG),ENGLAND
VL Mehra (INDIA),INDIA
Wajahatullah Wasti (PAK),PAK
AM Moir (NZ),NZ
MC Snedden (NZ),NZ
HF Wade (SA),SA
ALF de Mel (SL),SL
GM Fullerton (SA),SA
CMH Hathorn (SA),SA
AJ Redmond (NZ),NZ
Sohag Gazi (BDESH),WORLD
G Thomas (AUS),AUS
CTB Turner (AUS),AUS
Abid Ali (PAK),PAK
TS Worthington (ENG),ENGLAND
DSBP Kuruppu (SL),SL
A Mukund (INDIA),INDIA
DR Smith (WI),WI
JF Crapp (ENG),ENGLAND
L Ronchi (NZ),NZ
OAC Banks (WI),WI
HJ Keith (SA),SA
Tauseef Ahmed (PAK),PAK
RJ Sidebottom (ENG),ENGLAND
JWA Taylor (ENG),ENGLAND
J Hardstaff snr (ENG),ENGLAND
BN French (ENG),ENGLAND
W Voce (ENG),ENGLAND
JK Lever (ENG),ENGLAND
Q McMillan (SA),SA
Wahab Riaz (PAK),PAK
DW Fleming (AUS),AUS
Shamsur Rahman (BDESH),WORLD
BR Hartland (NZ),NZ
AH Jarvis (AUS),AUS
DJ Murray (NZ),NZ
KJ Arnott (ZIM),WORLD
H Graham (AUS),AUS
PAM Hands (SA),SA
Tahir Naqqash (PAK),PAK
G Brown (ENG),ENGLAND
MD Gunathilaka (SL),SL
GB Legge (ENG),ENGLAND
JD Campbell (WI),WI
ACB Langton (SA),SA
A Mitchell (ENG),ENGLAND
Rahmat Shah (AFG),WORLD
TAM Siriwardana (SL),SL
S O'Linn (SA),SA
N Phillip (WI),WI
MA Wood (ENG),ENGLAND
GE Palmer (AUS),AUS
RS Cunis (NZ),NZ
RS Kalpage (SL),SL
SJ Rhodes (ENG),ENGLAND
OC Dawson (SA),SA
DF Whatmore (AUS),AUS
L Amar Singh (INDIA),INDIA
HJ Howarth (NZ),NZ
AO Jones (ENG),ENGLAND
AMB Rowan (SA),SA
KD Mills (NZ),NZ
ARA Murray (SA),SA
DVP Wright (ENG),ENGLAND
Zahid Fazal (PAK),PAK
DNT Zoysa (SL),SL
PT Barton (NZ),NZ
CJ Richards (ENG),ENGLAND
CB Lambert (WI),WI
FT Mann (ENG),ENGLAND
S Sreesanth (INDIA),INDIA
JM Wiener (AUS),AUS
MC Bird (ENG),ENGLAND
ST Finn (ENG),ENGLAND
Ijaz Butt (PAK),PAK
JWH Makepeace (ENG),ENGLAND
PA Wallace (WI),WI
AJ Finch (AUS),AUS
LMP Simmons (WI),WI
GR Stead (NZ),NZ
BOP Fernando (SL),SL
Nazar Mohammad (PAK),PAK
IM Barrow (WI),WI
Saleem Altaf (PAK),PAK
SL Malinga (SL),SL
Shadman Islam (BDESH),WORLD
WA Johnston (AUS),AUS
GJ Thompson (ENG),ENGLAND
Abdul Kadir (PAK),PAK
JC Alabaster (NZ),NZ
TA Blundell (NZ),NZ
WE Midwinter (AUS/ENG),WORLD
OA Shah (ENG),ENGLAND
MJ Susskind (SA),SA
Khaled Mahmud (BDESH),WORLD
S Shillingford (WI),WI
A Lyth (ENG),ENGLAND
MJF Shrimpton (NZ),NZ
GA Bartlett (NZ),NZ
GC Small (ENG),ENGLAND
GTS Stevens (ENG),ENGLAND
V Subramanya (INDIA),INDIA
SM Ervine (ZIM),WORLD
RW Price (ZIM),WORLD
AN Connolly (AUS),AUS
RG Hart (NZ),NZ
Akram Khan (BDESH),WORLD
DM Lewis (WI),WI
Rubel Hossain (BDESH),WORLD
KJ O'Brien (IRE),WORLD
EC Petrie (NZ),NZ
Arshad Ayub (INDIA),INDIA
Manjural Islam Rana (BDESH),WORLD
DM Wellham (AUS),AUS
J Selby (ENG),ENGLAND
BB Chari (ZIM),WORLD
Dilawar Hussain (INDIA),INDIA
W Flowers (ENG),ENGLAND
HV Hordern (AUS),AUS
ADG Roberts (NZ),NZ
R Swetman (ENG),ENGLAND
Khalid Ibadulla (PAK),PAK
EH Bowley (ENG),ENGLAND
TB Burtt (NZ),NZ
NF Druce (ENG),ENGLAND
CM Francois (SA),SA
PA McAlister (AUS),AUS
HGO Owen-Smith (SA),SA
Sohail Khan (PAK),PAK
AJL Hill (ENG),ENGLAND
Fawad Alam (PAK),PAK
Asghar Afghan (AFG),WORLD
CRD Fernando (SL),SL
G Geary (ENG),ENGLAND
VJ Marks (ENG),ENGLAND
HH Massie (AUS),AUS
Abdur Razzak (BDESH),WORLD
SR Clark (AUS),AUS
EJ Gray (NZ),NZ
AW Roberts (NZ),NZ
MHW Papps (NZ),NZ
TJ Zoehrer (AUS),AUS
BA Davis (WI),WI
RB Kenny (INDIA),INDIA
FA Lowson (ENG),ENGLAND
RK Nunes (WI),WI
FC Hayes (ENG),ENGLAND
Shuvagata Hom (BDESH),WORLD
XM Marshall (WI),WI
Mehrab Hossain jnr (BDESH),WORLD
JB Mortimore (ENG),ENGLAND
JW Trumble (AUS),AUS
Ali Naqvi (PAK),PAK
SF Barnes (ENG),ENGLAND
CD Gopinath (INDIA),INDIA
James Langridge (ENG),ENGLAND
D Williams (WI),WI
Mehrab Hossain (BDESH),WORLD
JE Mills (NZ),NZ
SLV Raju (INDIA),INDIA
Shadab Khan (PAK),PAK
C Bannerman (AUS),AUS
Naved-ul-Hasan (PAK),PAK
JC White (ENG),ENGLAND
LE Plunkett (ENG),ENGLAND
AW Carr (ENG),ENGLAND
PP Shaw (INDIA),INDIA
FB Smith (NZ),NZ
S Wazir Ali (INDIA),INDIA
G Dymock (AUS),AUS
CN Frank (SA),SA
DE Malcolm (ENG),ENGLAND
PT Collins (WI),WI
Hasan Raza (PAK),PAK
KA Archer (AUS),AUS
G Duckworth (ENG),ENGLAND
EAE Baptiste (WI),WI
R Kilner (ENG),ENGLAND
ML Love (AUS),AUS
FI de Caires (WI),WI
Mushfiqur Rahman (BDESH),WORLD
WH Lockwood (ENG),ENGLAND
H Strudwick (ENG),ENGLAND
FH Tyson (ENG),ENGLAND
Ashraf Ali (PAK),PAK
HB Cave (NZ),NZ
JM Ghorpade (INDIA),INDIA
NS Harford (NZ),NZ
JT Sparling (NZ),NZ
AJ Tudor (ENG),ENGLAND
Mohammad Mithun (BDESH),WORLD
WG Quaife (ENG),ENGLAND
AE Trott (AUS/ENG),WORLD
J Yadav (INDIA),INDIA
DT Tiripano (ZIM),WORLD
JS Foster (ENG),ENGLAND
AO Malhotra (INDIA),INDIA
MJ Procter (SA),SA
TBA May (AUS),AUS
D Mohammed (WI),WI
NS Tamhane (INDIA),INDIA
MJL Turnbull (ENG),ENGLAND
J Benaud (AUS),AUS
TC Lowry (NZ),NZ
KCG Benjamin (WI),WI
AE Greenidge (WI),WI
AA Mailey (AUS),AUS
CW Smith (WI),WI
WS Farrer (SA),SA
DRA Gehrs (AUS),AUS
MJ Henry (NZ),NZ
Shafqat Rana (PAK),PAK
RS Grant (WI),WI
MJ Leach (ENG),ENGLAND
MS Panesar (ENG),ENGLAND
NH Fairbrother (ENG),ENGLAND
H Hameed (ENG),ENGLAND
RA Hutton (ENG),ENGLAND
RT Latham (NZ),NZ
IE O'Brien (NZ),NZ
KJ Wright (AUS),AUS
OE Wynne (SA),SA
JAH Marshall (NZ),NZ
IT Shillingford (WI),WI
UWMBCA Welegedara (SL),SL
R Mutumbami (ZIM),WORLD
FR Spofforth (AUS),AUS
Mohammad Rizwan (PAK),PAK
W Storer (ENG),ENGLAND
JA Jameson (ENG),ENGLAND
JW Martin (AUS),AUS
BS Sandhu (INDIA),INDIA
PJW Allott (ENG),ENGLAND
GA Lohmann (ENG),ENGLAND
BAW Mendis (SL),SL
TM Findlay (WI),WI
JL Kerr (NZ),NZ
LPJ O'Brien (AUS),AUS
DP Samaraweera (SL),SL
Shafiul Islam (BDESH),WORLD
MA Ealham (ENG),ENGLAND
Naimur Rahman (BDESH),WORLD
K Cranston (ENG),ENGLAND
AER Gilligan (ENG),ENGLAND
GA Greenidge (WI),WI
PS Heine (SA),SA
WW Whysall (ENG),ENGLAND
TJ Jenner (AUS),AUS
VWC Jupp (ENG),ENGLAND
CT Sarwate (INDIA),INDIA
KJ Barnett (ENG),ENGLAND
SL Boock (NZ),NZ
PG Joshi (INDIA),INDIA
RH Vance (NZ),NZ
MRJ Veletta (AUS),AUS
SP O'Donnell (AUS),AUS
PI Pocock (ENG),ENGLAND
Gul Mohammad (INDIA/PAK),WORLD
TG Hogan (AUS),AUS
SP Jones (ENG),ENGLAND
DJ Gandhi (INDIA),INDIA
CA Milton (ENG),ENGLAND
H Wood (ENG),ENGLAND
TM Alderman (AUS),AUS
G Cook (ENG),ENGLAND
NLTC Perera (SL),SL
BKV Prasad (INDIA),INDIA
DE Bernard (WI),WI
W Brockwell (ENG),ENGLAND
WW Davis (WI),WI
AIC Dodemaide (AUS),AUS
RM Ellison (ENG),ENGLAND
SC Guillen (NZ/WI),WORLD
CA McWatt (WI),WI
A McGrath (ENG),ENGLAND
T Panyangara (ZIM),WORLD
JTC Vaughan (NZ),NZ
W Ferguson (WI),WI
ST Gabriel (WI),WI
Zulfiqar Ahmed (PAK),PAK
Nawab of Pataudi snr (ENG/INDIA),WORLD
RO Jenkins (ENG),ENGLAND
H Moses (AUS),AUS
CD Collymore (WI),WI
PB Dassanayake (SL),SL
FJ Laver (AUS),AUS
AC Agar (AUS),AUS
BA Barnett (AUS),AUS
STR Binny (INDIA),INDIA
Shahid Nazir (PAK),PAK
RMS Eranga (SL),SL
SG Gedye (NZ),NZ
T Westley (ENG),ENGLAND
Fakhar Zaman (PAK),PAK
Ghulam Ahmed (INDIA),INDIA
D Kenyon (ENG),ENGLAND
AJ Doolan (AUS),AUS
WE Astill (ENG),ENGLAND
PR Carlstein (SA),SA
RW Blair (NZ),NZ
AL Mann (AUS),AUS
EA Halliwell (SA),SA
J Sharp (ENG),ENGLAND
CC Depeiaza (WI),WI
ML Nkala (ZIM),WORLD
JJ Roy (ENG),ENGLAND
PH Sharma (INDIA),INDIA
DW Headley (ENG),ENGLAND
GB Hogg (AUS),AUS
DA Marillier (ZIM),WORLD
PL Winslow (SA),SA
EAR de Silva (SL),SL
K Higgs (ENG),ENGLAND
MV Nagamootoo (WI),WI
L Baichan (WI),WI
HK Olonga (ZIM),WORLD
GJ Bailey (AUS),AUS
C Blythe (ENG),ENGLAND
SP Gupte (INDIA),INDIA
Ijaz Faqih (PAK),PAK
Aftab Gul (PAK),PAK
LJ Moon (ENG),ENGLAND
CR Brathwaite (WI),WI
CP Carter (SA),SA
DA Gunawardene (SL),SL
RH Shodhan (INDIA),INDIA
EJ Chatfield (NZ),NZ
Enamul Haque (BDESH),WORLD
CJ Jordan (ENG),ENGLAND
NGB Cook (ENG),ENGLAND
N Gifford (ENG),ENGLAND
JFW Nicolson (SA),SA
AD Ogilvie (AUS),AUS
HM Goonatilleke (SL),SL
LV Maddocks (AUS),AUS
T Richardson (ENG),ENGLAND
Younis Ahmed (PAK),PAK
CR Browne (WI),WI
NG Cowans (ENG),ENGLAND
EW Dawson (ENG),ENGLAND
C Pringle (NZ),NZ
XC Balaskas (SA),SA
SSJ Brooks (WI),WI
RJ Inverarity (AUS),AUS
CR Miller (AUS),AUS
CH Morris (SA),SA
KH Weekes (WI),WI
Inshan Ali (WI),WI
ST Clarke (WI),WI
MF Kent (AUS),AUS
CS Pandit (INDIA),INDIA
OC Scott (WI),WI
GM Carew (WI),WI
C Gladwin (ENG),ENGLAND
MJ Hartigan (AUS),AUS
J Iddon (ENG),ENGLAND
C Ramaswami (INDIA),INDIA
Tanvir Ahmed (PAK),PAK
KC Ibrahim (INDIA),INDIA
RA Young (NZ),NZ
SE Bond (NZ),NZ
SH Curnow (SA),SA
FGJ Ford (ENG),ENGLAND
F Hearne (ENG/SA),WORLD
WVS Ling (SA),SA
Anil Dalpat (PAK),PAK
BS Chandrasekhar (INDIA),INDIA
M Watkinson (ENG),ENGLAND
SW Ambris (WI),WI
JP Fellows-Smith (SA),SA
EAC Hunte (WI),WI
KR Pushpakumara (SL),SL
RJ Westcott (SA),SA
Abul Hasan (BDESH),WORLD
PK Sen (INDIA),INDIA
ML Su'a (NZ),NZ
MC Henriques (AUS),AUS
Mosaddek Hossain (BDESH),WORLD
OJ Pope (ENG),ENGLAND
PH Punjabi (INDIA),INDIA
A Ratra (INDIA),INDIA
RE Redmond (NZ),NZ
HD Ackerman (SA),SA
CJ Poole (ENG),ENGLAND
WJ Whitty (AUS),AUS
EG Arnold (ENG),ENGLAND
CL Badcock (AUS),AUS
CI Dunusinghe (SL),SL
T Emmett (ENG),ENGLAND
CH Parkin (ENG),ENGLAND
OJ Phillips (WI),WI
CT Studd (ENG),ENGLAND
PD Lashley (WI),WI
DD Taylor (NZ),NZ
CEH Croft (WI),WI
WP Howell (AUS),AUS
GF Labrooy (SL),SL
DR O'Sullivan (NZ),NZ
SC Griffith (ENG),ENGLAND
AP Lucas (ENG),ENGLAND
DAR Moloney (NZ),NZ
Naushad Ali (PAK),PAK
Z de Bruyn (SA),SA
Hasan Ali (PAK),PAK
Rashid Khan (PAK),PAK
AP Freeman (ENG),ENGLAND
I Meckiff (AUS),AUS
SMJ Woods (AUS/ENG),WORLD
Akram Raza (PAK),PAK
HF Boyle (AUS),AUS
OC da Costa (WI),WI
R Dumbrill (SA),SA
RG Gregory (AUS),AUS
TJ Matthews (AUS),AUS
J O'Connor (ENG),ENGLAND
PCR Tufnell (ENG),ENGLAND
RG de Alwis (SL),SL
AJ Pycroft (ZIM),WORLD
EFS Tylecote (ENG),ENGLAND
FJ Cameron (WI),WI
RK Oxenham (AUS),AUS
SR Patel (ENG),ENGLAND
WR Playle (NZ),NZ
W Attewell (ENG),ENGLAND
AE Fagg (ENG),ENGLAND
JD Nel (SA),SA
GJ Batty (ENG),ENGLAND
P Kumar (INDIA),INDIA
J Birkenshaw (ENG),ENGLAND
Ibrahim Zadran (AFG),WORLD
Shadab Kabir (PAK),PAK
BJT Bosanquet (ENG),ENGLAND
SC Joseph (WI),WI
S Randiv (SL),SL
NB Mahwire (ZIM),WORLD
CS Nayudu (INDIA),INDIA
NAT Adcock (SA),SA
A Balbirnie (IRE),WORLD
RW McLeod (AUS),AUS
Sikander Bakht (PAK),PAK
CL White (AUS),AUS
Zubayr Hamza (SA),SA
Lord Harris (ENG),ENGLAND
R Howorth (ENG),ENGLAND
EH Mattis (WI),WI
BP Patterson (WI),WI
Mohammad Nazir (PAK),PAK
KR Patterson (AUS),AUS
W Place (ENG),ENGLAND
Zulfiqar Babar (PAK),PAK
EL a'Beckett (AUS),AUS
RE Marshall (WI),WI
CPH Ramanayake (SL),SL
JA Warrican (WI),WI
SS Dighe (INDIA),INDIA
DRE Joseph (WI),WI
GB Lawrence (SA),SA
Mohammad Asif (PAK),PAK
SS Naik (INDIA),INDIA
AL Valentine (WI),WI
R Chandrika (WI),WI
TS Curtis (ENG),ENGLAND
GR Robertson (AUS),AUS
DW Begbie (SA),SA
Faheem Ashraf (PAK),PAK
Hashmatullah Shahidi (AFG),WORLD
DB Pithey (SA),SA
FT Badcock (NZ),NZ
LS Birkett (WI),WI
JW D'Arcy (NZ),NZ
TV Hohns (AUS),AUS
Rahat Ali (PAK),PAK
Surendranath (INDIA),INDIA
Afsar Zazai (AFG),WORLD
KBJ Azad (INDIA),INDIA
DB Carr (ENG),ENGLAND
A Dananjaya (SL),SL
Azeem Hafeez (PAK),PAK
DA Sharpe (PAK),PAK
N Pradeep (SL),SL
TCB Fernando (SL),SL
PW Jarvis (ENG),ENGLAND
E Wainwright (ENG),ENGLAND
EL Bartlett (WI),WI
GC Dyer (AUS),AUS
DL Piedt (SA),SA
V Rathour (INDIA),INDIA
L Tuckett (SA),SA
Imran Tahir (SA),SA
L Sivaramakrishnan (INDIA),INDIA
Hon.FSG Calthorpe (ENG),ENGLAND
DR Doshi (INDIA),INDIA
CV Gadkari (INDIA),INDIA
H Gimblett (ENG),ENGLAND
JR Mason (ENG),ENGLAND
RW Tolchard (ENG),ENGLAND
IJ Ward (ENG),ENGLAND
HR Bromley-Davenport (ENG),ENGLAND
M Hendrick (ENG),ENGLAND
RK Illingworth (ENG),ENGLAND
BP Julian (AUS),AUS
D Smith (ENG),ENGLAND
PM Walker (ENG),ENGLAND
S Chattergoon (WI),WI
GR Larsen (NZ),NZ
AD Mullally (ENG),ENGLAND
PJR Steyn (SA),SA
ES Atkinson (WI),WI
NE Haig (ENG),ENGLAND
JT Hearne (ENG),ENGLAND
KM Jarvis (ZIM),WORLD
E Jones (AUS),AUS
DL Bairstow (ENG),ENGLAND
JB Commins (SA),SA
Marshall Ayub (BDESH),WORLD
WFE Marx (SA),SA
Nazimuddin (BDESH),WORLD
DM Richards (WI),WI
S Samarawickrama (SL),SL
CW Wright (ENG),ENGLAND
HMCM Bandara (SL),SL
CJ Chibhabha (ZIM),WORLD
C Overton (ENG),ENGLAND
DA Reeve (ENG),ENGLAND
RJ Crisp (SA),SA
IB Cromb (NZ),NZ
Manzoor Elahi (PAK),PAK
CS Martin (NZ),NZ
BA Murphy (ZIM),WORLD
Pervez Sajjad (PAK),PAK
AB Fudadin (WI),WI
Junaid Khan (PAK),PAK
Mohammad Sharif (BDESH),WORLD
AH Omarshah (ZIM),WORLD
EA Brandes (ZIM),WORLD
JG Dewes (ENG),ENGLAND
TW Wall (AUS),AUS
A Mithun (INDIA),INDIA
RJ Bailey (ENG),ENGLAND
MAR Samarasekera (SL),SL
AC Smith (ENG),ENGLAND
BGK Walker (NZ),NZ
SI de Saram (SL),SL
Salahuddin (PAK),PAK
PADLR Sandakan (SL),SL
WH St Hill (WI),WI
FJ Cameron (NZ),NZ
W Farrimond (ENG),ENGLAND
FM King (WI),WI
EA McDonald (AUS),AUS
F Mitchell (ENG/SA),WORLD
RP Singh (INDIA),INDIA
DH Brain (ZIM),WORLD
PJ Martin (ENG),ENGLAND
H Morris (ENG),ENGLAND
Nurul Hasan (BDESH),WORLD
GR Beard (AUS),AUS
ML Cummins (WI),WI
RKJ Dawson (ENG),ENGLAND
JJ Ferris (AUS/ENG),WORLD
RE Grieveson (SA),SA
GPD Hartigan (SA),SA
ERT Holmes (ENG),ENGLAND
AR Whittall (ZIM),WORLD
CFW Allcott (NZ),NZ
S Haigh (ENG),ENGLAND
HG Kuhn (SA),SA
D Shackleton (ENG),ENGLAND
EJ Smith (ENG),ENGLAND
CT Tremlett (ENG),ENGLAND
EAV Williams (WI),WI
ERNS Fernando (SL),SL
AG Ganteaume (WI),WI
GG Macaulay (ENG),ENGLAND
GB Stevens (AUS),AUS
DM Bess (ENG),ENGLAND
MR Bynoe (WI),WI
JD Higgs (AUS),AUS
HS Kanitkar (INDIA),INDIA
FL Reifer (WI),WI
A Shaw (ENG),ENGLAND
BM Duckett (ENG),ENGLAND
Ihsanullah (AFG),WORLD
PJ Newport (ENG),ENGLAND
GE Vivian (NZ),NZ
TJ Murtagh (IRE),WORLD
SD Udal (ENG),ENGLAND
Yajurvindra Singh (INDIA),INDIA
JH Board (ENG),ENGLAND
CG Butts (WI),WI
GM Ewing (ZIM),WORLD
Naoomal Jaoomal (INDIA),INDIA
DA Stirling (NZ),NZ
SJ Cook (SA),SA
CB Jennings (AUS),AUS
AB McDonald (AUS),AUS
AH McKinnon (SA),SA
P Utseya (ZIM),WORLD
EW Dempster (NZ),NZ
PHT Kaushal (SL),SL
CFH Leslie (ENG),ENGLAND
LS Pascoe (AUS),AUS
MSK Prasad (INDIA),INDIA
D Ramnarine (WI),WI
Rashid Khan (AFG),WORLD
CJE Smith (SA),SA
WJ Watson (AUS),AUS
GE Bradburn (NZ),NZ
Javed Ahmadi (AFG),WORLD
CB Mpofu (ZIM),WORLD
LS Rajput (INDIA),INDIA
GHT Simpson-Hayward (ENG),ENGLAND
CJ Adams (ENG),ENGLAND
GFJ Liebenberg (SA),SA
KR Rickards (WI),WI
PR Stirling (IRE),WORLD
M Bisset (SA),SA
JW Hitch (ENG),ENGLAND
SB O'Connor (NZ),NZ
AG Hurst (AUS),AUS
R Lamba (INDIA),INDIA
RM Prideaux (ENG),ENGLAND
PM Pushpakumara (SL),SL
CIJ Smith (ENG),ENGLAND
Aaqib Javed (PAK),PAK
DD Beard (NZ),NZ
G Challenor (WI),WI
SK Coen (SA),SA
CS Cowdrey (ENG),ENGLAND
A Hill (ENG),ENGLAND
KA Hope (WI),WI
TA Harris (SA),SA
Khan Mohammad (PAK),PAK
RD Robinson (AUS),AUS
HA Furlonge (WI),WI
Maninder Singh (INDIA),INDIA
MN Nawaz (SL),SL
N Oldfield (ENG),ENGLAND
Robiul Islam (BDESH),WORLD
Shafiq Ahmed (PAK),PAK
Shahriar Hossain (BDESH),WORLD
Umar Amin (PAK),PAK
RK Chauhan (INDIA),INDIA
CM Christiani (WI),WI
WM Clark (AUS),AUS
AC Cummins (WI),WI
ELG Hoad (WI),WI
S Muthusamy (SA),SA
IAR Peebles (ENG),ENGLAND
V Permaul (WI),WI
Aftab Baloch (PAK),PAK
JC Archer (ENG),ENGLAND
Hasibul Hossain (BDESH),WORLD
AR Kapoor (INDIA),INDIA
GAE Paine (ENG),ENGLAND
CP Senanayake (SL),SL
LF Townsend (ENG),ENGLAND
GD Varnals (SA),SA
GD Watson (AUS),AUS
IDR Bradshaw (WI),WI
R Clarke (ENG),ENGLAND
DV Dyer (SA),SA
PE McEwan (NZ),NZ
G MacGregor (ENG),ENGLAND
KMA Paul (WI),WI
WV Rodriguez (WI),WI
VH Stollmeyer (WI),WI
B Warnapura (SL),SL
KJ Abbott (SA),SA
HDG Leveson Gower (ENG),ENGLAND
RP Snell (SA),SA
HK Badani (INDIA),INDIA
KS Lokuarachchi (SL),SL
Hon.A Lyttelton (ENG),ENGLAND
K Thomson (NZ),NZ
T Thushara (SL),SL
DJ Vilas (SA),SA
AS Wassan (INDIA),INDIA
Yasir Arafat (PAK),PAK
Asif Masood (PAK),PAK
MRCN Bandaratilleke (SL),SL
OD Gibson (WI),WI
J Hunter (ENG),ENGLAND
AS Kennedy (ENG),ENGLAND
Mohammad Abbas (PAK),PAK
PI Philpott (AUS),AUS
BA Reid (AUS),AUS
G Bean (ENG),ENGLAND
AG Milkha Singh (INDIA),INDIA
SD Anurasiri (SL),SL
JG Binks (ENG),ENGLAND
CE Eksteen (SA),SA
HC Griffith (WI),WI
R Pilling (ENG),ENGLAND
AK Roy (INDIA),INDIA
Al-Amin Hossain (BDESH),WORLD
T Campbell (SA),SA
TL Chatara (ZIM),WORLD
J Cowie (NZ),NZ
KM Dabengwa (ZIM),WORLD
TN Madondo (ZIM),WORLD
NA Quinn (SA),SA
BG Rogers (ZIM),WORLD
GR Hazlitt (AUS),AUS
G Kishenchand (INDIA),INDIA
RN Lewis (WI),WI
PP Ojha (INDIA),INDIA
NM Parker (NZ),NZ
Tushar Imran (BDESH),WORLD
Ariful Haque (BDESH),WORLD
CK Coventry (ZIM),WORLD
SMS Kaluperuma (SL),SL
M Kartik (INDIA),INDIA
TR McKibbin (AUS),AUS
SW Masakadza (ZIM),WORLD
AN Ranasinghe (SL),SL
Shabbir Ahmed (PAK),PAK
Zulqarnain Haider (PAK),PAK
ST Callaway (AUS),AUS
TJ Laughlin (AUS),AUS
MP Maynard (ENG),ENGLAND
D Ranatunga (SL),SL
ET Smith (ENG),ENGLAND
AB Tancred (SA),SA
GD Elliott (NZ),NZ
EG Hayes (ENG),ENGLAND
ND Howard (ENG),ENGLAND
RC Irani (ENG),ENGLAND
JDA O'Connor (AUS),AUS
SNJ O'Keefe (AUS),AUS
JR Gunn (ENG),ENGLAND
Mohammad Farooq (PAK),PAK
SG Shinde (INDIA),INDIA
D Taylor (SA),SA
DJ Colley (AUS),AUS
LA Dawson (ENG),ENGLAND
AS Joseph (WI),WI
RR Jumadeen (WI),WI
Yuvraj of Patiala (INDIA),INDIA
MA Seymour (SA),SA
U Afzaal (ENG),ENGLAND
W Barber (ENG),ENGLAND
J Botha (SA),SA
DT Hondo (ZIM),WORLD
SW Sohoni (INDIA),INDIA
JG Thomas (ENG),ENGLAND
Amir Elahi (INDIA/PAK),WORLD
E Evans (AUS),AUS
TS Roland-Jones (ENG),ENGLAND
M Zondeki (SA),SA
EE Achong (WI),WI
JH de Courcy (AUS),AUS
GN Francis (WI),WI
RA Hamence (AUS),AUS
ET Killick (ENG),ENGLAND
AE Knight (ENG),ENGLAND
SI Mahmood (ENG),ENGLAND
Manjural Islam (BDESH),WORLD
IL Mendonca (WI),WI
WN Slack (ENG),ENGLAND
JE Barrett (AUS),AUS
T Duffin (ZIM),WORLD
AEV Hartkopf (AUS),AUS
JM Kemp (SA),SA
RD Parkar (INDIA),INDIA
DJ Sincock (AUS),AUS
DM Smith (ENG),ENGLAND
A Wood (ENG),ENGLAND
TM Chappell (AUS),AUS
JA Maclean (AUS),AUS
JA Small (WI),WI
A Fielder (ENG),ENGLAND
MN Lathwell (ENG),ENGLAND
RAL Massie (AUS),AUS
SF Mire (ZIM),WORLD
P Bhandari (INDIA),INDIA
A Greenwood (ENG),ENGLAND
A Nehra (INDIA),INDIA
ASA Perera (SL),SL
JN Shepherd (WI),WI
DCH Townsend (ENG),ENGLAND
Ata-ur-Rehman (PAK),PAK
IG Butler (NZ),NZ
GHG Doggart (ENG),ENGLAND
B Dooland (AUS),AUS
A D'Souza (PAK),PAK
MR Gillespie (NZ),NZ
PJ Loader (ENG),ENGLAND
LC Mayne (AUS),AUS
F Nicholson (SA),SA
RM Poore (SA),SA
DW Allan (WI),WI
H Donnan (AUS),AUS
MK Elgie (SA),SA
JT Ward (NZ),NZ
D Wilson (ENG),ENGLAND
JER Gallian (ENG),ENGLAND
AG Huckle (ZIM),WORLD
HH Kanitkar (INDIA),INDIA
A Maregwede (ZIM),WORLD
BP Martin (NZ),NZ
NO Perry (WI),WI
Shakeel Ahmed jnr (PAK),PAK
ET Willett (WI),WI
Anamul Haque (BDESH),WORLD
Bilal Asif (PAK),PAK
JA Hayes (NZ),NZ
JA McCollum (IRE),WORLD
WE Merritt (NZ),NZ
DJ Mitchell (NZ),NZ
JT Partridge (SA),SA
EWT Tindill (NZ),NZ
ERH Toshack (AUS),AUS
HE Dollery (ENG),ENGLAND
S Elworthy (SA),SA
KO Meth (ZIM),WORLD
TW Routledge (SA),SA
A Sanford (WI),WI
EG Wynyard (ENG),ENGLAND
MJ Bennett (AUS),AUS
WH Brann (SA),SA
RO Butcher (ENG),ENGLAND
AHH Gilligan (ENG),ENGLAND
DD Hindlekar (INDIA),INDIA
GJ Hopkins (NZ),NZ
PA Horne (NZ),NZ
SP James (ENG),ENGLAND
JJ Krejza (AUS),AUS
JE Morris (ENG),ENGLAND
P Roy (INDIA),INDIA
DP Sibley (ENG),ENGLAND
AW White (WI),WI
R Beaumont (SA),SA
Bilawal Bhatti (PAK),PAK
NW Bracken (AUS),AUS
LG Hylton (WI),WI
Nayeem Hasan (BDESH),WORLD
E Peate (ENG),ENGLAND
GA Smithson (ENG),ENGLAND
AJ Bell (SA),SA
PVD Chameera (SL),SL
SHM Colah (INDIA),INDIA
GJ Crocker (ZIM),WORLD
DK Liyanage (SL),SL
Mohammad Shahzad (AFG),WORLD
NI Thomson (ENG),ENGLAND
AC Waller (ZIM),WORLD
WJ Edwards (AUS),AUS
H Jupp (ENG),ENGLAND
MG Melle (SA),SA
WH Milton (SA),SA
Taskin Ahmed (BDESH),WORLD
MR Whitney (AUS),AUS
JT Ball (ENG),ENGLAND
MK Mantri (INDIA),INDIA
WD Parnell (SA),SA
MW Pringle (SA),SA
CP Schofield (ENG),ENGLAND
MW Sievers (AUS),AUS
PM Such (ENG),ENGLAND
NFD Thomson (AUS),AUS
CV Wight (WI),WI
Afaq Hussain (PAK),PAK
TK Curran (ENG),ENGLAND
M Hayward (SA),SA
RD King (WI),WI
A Kuruvilla (INDIA),INDIA
WS Lees (ENG),ENGLAND
JSE Price (ENG),ENGLAND
JT Botten (SA),SA
WR Cuttell (ENG),ENGLAND
KSC de Silva (SL),SL
RM Edwards (WI),WI
CW Henderson (SA),SA
AJ Hollioake (ENG),ENGLAND
WER Somerville (NZ),NZ
SJ Staples (ENG),ENGLAND
AP Binns (WI),WI
GH Dockrell (IRE),WORLD
ERH Fuller (SA),SA
TJD Kelly (AUS),AUS
JH King (ENG),ENGLAND
GF Linde (SA),SA
ER Mayne (AUS),AUS
Naved Ashraf (PAK),PAK
SR Thompson (IRE),WORLD
PE Whitelaw (NZ),NZ
S Badrinath (INDIA),INDIA
HRJ Charlwood (ENG),ENGLAND
GWA Chubb (SA),SA
CEL Jones (WI),WI
Mohammad Munaf (PAK),PAK
H Philipson (ENG),ENGLAND
VA Singh (WI),WI
NS Asgarali (WI),WI
Hon.IFW Bligh (ENG),ENGLAND
WP Bradburn (NZ),NZ
CGD Burger (SA),SA
RGA Headley (WI),WI
KW Hough (NZ),NZ
C Newberry (SA),SA
JA Rennie (ZIM),WORLD
Harry Elliott (ENG),ENGLAND
Haseeb Ahsan (PAK),PAK
PJ Ingram (NZ),NZ
WR James (ZIM),WORLD
NC McGarrell (WI),WI
AE Moss (ENG),ENGLAND
RV Divecha (INDIA),INDIA
R Gilchrist (WI),WI
DW Gregory (AUS),AUS
PM Hornibrook (AUS),AUS
MJ Horton (ENG),ENGLAND
DV Lawrence (ENG),ENGLAND
G Millman (ENG),ENGLAND
JK Moss (AUS),AUS
MM Patel (INDIA),INDIA
SG Peall (ZIM),WORLD
W Watson (NZ),NZ
Arif Butt (PAK),PAK
BA Bolton (NZ),NZ
HD Bromfield (SA),SA
Enamul Haque jnr (BDESH),WORLD
GAL Hearne (SA),SA
RL Johnson (ENG),ENGLAND
TC O'Brien (ENG),ENGLAND
CA Absolom (ENG),ENGLAND
CE Cuffy (WI),WI
K Farnes (ENG),ENGLAND
SR Harmer (SA),SA
LF Kline (AUS),AUS
EA Martindale (WI),WI
PL Mhambrey (INDIA),INDIA
FW Milligan (ENG),ENGLAND
JA Morkel (SA),SA
WTS Porterfield (IRE),WORLD
SC Stayers (WI),WI
LE Tapscott (SA),SA
DR Gilbert (AUS),AUS
WW Keeton (ENG),ENGLAND
PK Lee (AUS),AUS
Mohammad Shahid (BDESH),WORLD
JL Ontong (SA),SA
GC Shillingford (WI),WI
K Taylor (ENG),ENGLAND
HE van der Dussen (SA),SA
DP Viljoen (ZIM),WORLD
TD Astle (NZ),NZ
KADM Fernando (SL),SL
MS Hardikar (INDIA),INDIA
Mustafizur Rahman (BDESH),WORLD
NV Ojha (INDIA),INDIA
MW Priest (NZ),NZ
SK Sharma (INDIA),INDIA
GP Bilby (NZ),NZ
HWR Cartwright (AUS),AUS
Lord Hawke (ENG),ENGLAND
PS Masvaure (ZIM),WORLD
M Nissar (INDIA),INDIA
BA Parchment (WI),WI
COC Pearse (SA),SA
FH Sugg (ENG),ENGLAND
GB Troup (NZ),NZ
AMJG Amerasinghe (SL),SL
DE Bollinger (AUS),AUS
MG Burmester (ZIM),WORLD
LO Fleetwood-Smith (AUS),AUS
A Gandotra (INDIA),INDIA
ND Hirwani (INDIA),INDIA
Humayun Farhat (PAK),PAK
DJ Knight (ENG),ENGLAND
SG Law (AUS),AUS
EL McCormick (AUS),AUS
CD Matthews (AUS),AUS
RO Scarlett (WI),WI
WPA Crawford (AUS),AUS
O Henry (SA),SA
VB John (SL),SL
HC Nitschke (AUS),AUS
RL Powell (WI),WI
CG Rackemann (AUS),AUS
AK Sharma (INDIA),INDIA
Abdur Rauf (PAK),PAK
G Alexander (AUS),AUS
N Betancourt (WI),WI
CN Evans (ZIM),WORLD
Fahim Muntasir (BDESH),WORLD
Fazl-e-Akbar (PAK),PAK
BC Francis (AUS),AUS
JW Hastings (AUS),AUS
KC James (NZ),NZ
SP Kinneir (ENG),ENGLAND
JJC Lawson (WI),WI
J Middleton (SA),SA
A Nortje (SA),SA
OE Nothling (AUS),AUS
RA Reifer (WI),WI
Talha Jubair (BDESH),WORLD
BV Vitori (ZIM),WORLD
KL Wishart (WI),WI
R Appleyard (ENG),ENGLAND
L Balaji (INDIA),INDIA
MR Benson (ENG),ENGLAND
VR Brown (NZ),NZ
AE Dipper (ENG),ENGLAND
XJ Doherty (AUS),AUS
L Embuldeniya (SL),SL
RL Harvey (SA),SA
KS Indrajitsinhji (INDIA),INDIA
Kamrul Islam Rabbi (BDESH),WORLD
Kuldeep Yadav (INDIA),INDIA
HM McGirr (NZ),NZ
Nasir Jamshed (PAK),PAK
DEV Padgett (ENG),ENGLAND
JB Robertson (SA),SA
CL Townsend (ENG),ENGLAND
RA Legall (WI),WI
Mohammad Nawaz (3) (PAK),PAK
F Penn (ENG),ENGLAND
R Tattersall (ENG),ENGLAND
ZS Ansari (ENG),ENGLAND
Azmat Rana (PAK),PAK
MP Fernandes (WI),WI
CBRLS Kumara (SL),SL
Mohammad Salim (BDESH),WORLD
LCH Palairet (ENG),ENGLAND
AY Patel (NZ),NZ
F Ridgway (ENG),ENGLAND
C Wesley (SA),SA
W Chatterton (ENG),ENGLAND
JD Edwards (AUS),AUS
Y Goonasekera (SL),SL
AH Gray (WI),WI
Iftikhar Ahmed (PAK),PAK
Najmul Hossain Shanto (BDESH),WORLD
TE Srinivasan (INDIA),INDIA
LB Fishlock (ENG),ENGLAND
PEW Jones (WI),WI
EC Joyce (IRE),WORLD
R McLaren (SA),SA
Mohammad Ayub (PAK),PAK
VRV Singh (INDIA),INDIA
TL Tsolekile (SA),SA
RK Tyldesley (ENG),ENGLAND
AW Wellard (ENG),ENGLAND
MW Booth (ENG),ENGLAND
WW Daniel (WI),WI
RWG Emery (NZ),NZ
GA Lamb (ZIM),WORLD
DL Maddy (ENG),ENGLAND
MF Malone (AUS),AUS
Nadeem Abbasi (PAK),PAK
MV Narasimha Rao (INDIA),INDIA
CC Passailaigue (WI),WI
K Shuttleworth (ENG),ENGLAND
J Vine (ENG),ENGLAND
BJ Arnel (NZ),NZ
MP Bicknell (ENG),ENGLAND
RP de Groen (NZ),NZ
JP Faulkner (AUS),AUS
MM Patel (ENG),ENGLAND
FW Smith (SA),SA
JC Tredwell (ENG),ENGLAND
GC Wilson (IRE),WORLD
RC Allen (AUS),AUS
BC Hollioake (ENG),ENGLAND
J Humphries (ENG),ENGLAND
Lall Singh (INDIA),INDIA
Naved Anjum (PAK),PAK
Sharjeel Khan (PAK),PAK
JW Sharpe (ENG),ENGLAND
GR Thoms (AUS),AUS
JH Anderson (SA),SA
JM Bird (AUS),AUS
CP Buckenham (ENG),ENGLAND
HI Ebeling (AUS),AUS
MR Harvey (AUS),AUS
DJ Meintjes (SA),SA
WB Rankin (ENG/IRE),WORLD
Sarandeep Singh (INDIA),INDIA
HI Young (ENG),ENGLAND
Anwar Hussain (PAK),PAK
SF Burke (SA),SA
OR Dunell (SA),SA
C Hallows (ENG),ENGLAND
H Ironmonger (AUS),AUS
RD Jackman (ENG),ENGLAND
MKGCP Lakshitha (SL),SL
JG Navle (INDIA),INDIA
Saleem Jaffar (PAK),PAK
CEM Wilson (ENG),ENGLAND
EJK Burn (AUS),AUS
J Cameron-Dow (IRE),WORLD
GRA de Silva (SL),SL
LA King (WI),WI
BJ Sealey (WI),WI
SB Smith (AUS),AUS
AG Barrett (WI),WI
GA Cope (ENG),ENGLAND
BAF Grieve (ENG),ENGLAND
E Leadbeater (ENG),ENGLAND
WH Moule (AUS),AUS
SP Narine (WI),WI
D Pretorius (SA),SA
VB Ranjane (INDIA),INDIA
LA Walcott (WI),WI
A Ward (ENG),ENGLAND
RA Austin (WI),WI
SV Bahutule (INDIA),INDIA
JC Balderstone (ENG),ENGLAND
GK Bruk-Jackson (ZIM),WORLD
HW Chapman (SA),SA
TA Copeland (AUS),AUS
HH Francis (SA),SA
D Gamsy (SA),SA
M Jahangir Khan (INDIA),INDIA
TK Kendall (AUS),AUS
Masood Anwar (PAK),PAK
JV Saunders (AUS),AUS
Shaheen Shah Afridi (PAK),PAK
VI Smith (SA),SA
KPJ Warnaweera (SL),SL
JR Watkins (AUS),AUS
GF Bissett (SA),SA
EH Bromley (AUS),AUS
JA Dunning (NZ),NZ
Elias Sunny (BDESH),WORLD
KHRK Fernando (SL),SL
HHH Johnson (WI),WI
IJ Jones (ENG),ENGLAND
CP McGahey (ENG),ENGLAND
EM Meuli (NZ),NZ
FM Misson (AUS),AUS
J Nyumbu (ZIM),WORLD
J Ormond (ENG),ENGLAND
B Reddy (INDIA),INDIA
GH Shepstone (SA),SA
DR Smith (ENG),ENGLAND
G Wijekoon (SL),SL
NF Williams (ENG),ENGLAND
LH Gay (ENG),ENGLAND
MJ Hilton (ENG),ENGLAND
WE Hollies (ENG),ENGLAND
DEJ Ironside (SA),SA
Mohsin Kamal (PAK),PAK
DJ Pagon (WI),WI
Syed Rasel (BDESH),WORLD
Usman Salahuddin (PAK),PAK
EW Clark (ENG),ENGLAND
WL Cornford (ENG),ENGLAND
SKL de Silva (SL),SL
EM Grace (ENG),ENGLAND
Mohammad Ramzan (PAK),PAK
JP Stephenson (ENG),ENGLAND
FA Ward (AUS),AUS
VR Aaron (INDIA),INDIA
Amir Hamza (AFG),WORLD
J Angel (AUS),AUS
GB Brent (ZIM),WORLD
DE Hoare (AUS),AUS
RG Holland (AUS),AUS
NV Lindsay (SA),SA
EA Moseley (WI),WI
PC Strydom (SA),SA
GE Tribe (AUS),AUS
VA Valentine (WI),WI
J Arnold (ENG),ENGLAND
AR Butcher (ENG),ENGLAND
MG Grell (WI),WI
RNS Hobbs (ENG),ENGLAND
AP Kuiper (SA),SA
M Mbangwa (ZIM),WORLD
CA Merry (WI),WI
Mohammad Aslam (PAK),PAK
Mohammad Talha (PAK),PAK
Nadeem Khan (PAK),PAK
PJ Petherick (NZ),NZ
JP Taylor (ENG),ENGLAND
T Armitage (ENG),ENGLAND
AW Briscoe (SA),SA
Farhan Adil (PAK),PAK
AJ Fothergill (ENG),ENGLAND
Israr Ali (PAK),PAK
P Krishnamurthy (INDIA),INDIA
MJ Macaulay (SA),SA
Mohammad Nabi (AFG),WORLD
J Newman (NZ),NZ
PDRL Perera (SL),SL
KM Rangnekar (INDIA),INDIA
DW Richardson (ENG),ENGLAND
TPB Smith (ENG),ENGLAND
Vizianagram (INDIA),INDIA
Bazid Khan (PAK),PAK
NT Broom (NZ),NZ
N Gallichan (NZ),NZ
MEZ Ghazali (PAK),PAK
RJ Kirtley (ENG),ENGLAND
Aamer Nazir (PAK),PAK
AG Archer (ENG),ENGLAND
Arshad Khan (PAK),PAK
J Cranston (ENG),ENGLAND
GR Dickinson (NZ),NZ
JA Flavell (ENG),ENGLAND
RM Harris (NZ),NZ
RB Kerr (AUS),AUS
N Puna (NZ),NZ
GB Studd (ENG),ENGLAND
S Viswanath (INDIA),INDIA
DJ White (NZ),NZ
Yamin Ahmadzai (AFG),WORLD
JP Duminy (SA),SA
MC Frederick (WI),WI
CG Halse (SA),SA
HTW Hardinge (ENG),ENGLAND
WK Hegg (ENG),ENGLAND
MDUS Jayasundera (SL),SL
LJ Nash (AUS),AUS
S Nazir Ali (INDIA),INDIA
ES Newson (SA),SA
G Onions (ENG),ENGLAND
FE Rumsey (ENG),ENGLAND
JW Rutherford (AUS),AUS
RA Saggers (AUS),AUS
M Sherwin (ENG),ENGLAND
DBM Smith (AUS),AUS
V Yadav (INDIA),INDIA
Zahoor Elahi (PAK),PAK
KV Andrew (ENG),ENGLAND
PC Charlton (AUS),AUS
Ijaz Ahmed jnr (PAK),PAK
PE Palia (INDIA),INDIA
JH Parks (ENG),ENGLAND
MD Shanaka (SL),SL
IR Siddiqui (INDIA),INDIA
CEW Silverwood (ENG),ENGLAND
PB Truscott (NZ),NZ
F Barratt (ENG),ENGLAND
WE Bowes (ENG),ENGLAND
CAR Duckworth (SA),SA
FAW Freer (AUS),AUS
SR Gillespie (NZ),NZ
BP Gupte (INDIA),INDIA
JR Hammond (AUS),AUS
MC Ilott (ENG),ENGLAND
RJ Kennedy (NZ),NZ
Liaqat Ali (PAK),PAK
CN McCarthy (SA),SA
JN Maguire (AUS),AUS
Mohammad Irfan (PAK),PAK
RJ Nicol (NZ),NZ
AT Roberts (WI),WI
J Shuter (ENG),ENGLAND
GB Stevenson (ENG),ENGLAND
R Vijay Bharadwaj (INDIA),INDIA
MD Wettimuny (SL),SL
JA Young (ENG),ENGLAND
GI Allott (NZ),NZ
RMH Cottam (ENG),ENGLAND
LV Garrick (WI),WI
RK Kleinveldt (SA),SA
J Lewis (ENG),ENGLAND
NJ Maddinson (AUS),AUS
RR Singh (INDIA),INDIA
EA van der Merwe (SA),SA
AJ Woodcock (AUS),AUS
RA Young (ENG),ENGLAND
Atiq-uz-Zaman (PAK),PAK
IW Callen (AUS),AUS
TW Cartwright (ENG),ENGLAND
IA Greig (ENG),ENGLAND
A Habib (ENG),ENGLAND
F Kuys (SA),SA
PG McShane (AUS),AUS
JW Martin (ENG),ENGLAND
W Newham (ENG),ENGLAND
D Olivier (SA),SA
JE Pothecary (SA),SA
K Rai Singh (INDIA),INDIA
RR Ramdass (WI),WI
GA Rowe (SA),SA
GC Viljoen (SA),SA
CH Vintcent (SA),SA
Atif Rauf (PAK),PAK
MP Bowden (ENG),ENGLAND
RG Draper (SA),SA
D Ganesh (INDIA),INDIA
GM Griffin (SA),SA
LJ Johnson (AUS),AUS
AJ McKay (NZ),NZ
CH Mills (SA),SA
Mohammad Salman (PAK),PAK
TA Munton (ENG),ENGLAND
JM Patel (INDIA),INDIA
RC Saxena (INDIA),INDIA
Shahid Mahmood (PAK),PAK
IM Sinclair (NZ),NZ
TF Smailes (ENG),ENGLAND
DV Smith (ENG),ENGLAND
VM Tancred (SA),SA
GC Tonge (WI),WI
SL Watkin (ENG),ENGLAND
Abu Jayed (BDESH),WORLD
DD Blackie (AUS),AUS
BP Bracewell (NZ),NZ
Kabir Khan (PAK),PAK
NA Knox (ENG),ENGLAND
SH Lewis (WI),WI
MAWR Madurasinghe (SL),SL
AM Miller (ENG),ENGLAND
Mohammad Akram (PAK),PAK
F Mutizwa (ZIM),WORLD
CEL Stuart (WI),WI
Sunzamul Islam (BDESH),WORLD
Zulqarnain (PAK),PAK
LS Baker (WI),WI
VA Barton (ENG),ENGLAND
WM Bradley (ENG),ENGLAND
IP Butchart (ZIM),WORLD
PH Carlson (AUS),AUS
FE Fisher (NZ),NZ
RA Jones (NZ),NZ
RC Miller (WI),WI
Qais Ahmad (AFG),WORLD
AW Seccull (SA),SA
ML Udawatte (SL),SL
BA Williams (AUS),AUS
B Andrews (NZ),NZ
Anwar Hossain Monir (BDESH),WORLD
RA Austin (WI),WI
HR Butt (ENG),ENGLAND
HG Gaekwad (INDIA),INDIA
C Karunaratne (SL),SL
CKB Kulasekara (SL),SL
PE McIntyre (AUS),AUS
G Noblet (AUS),AUS
CH Palmer (ENG),ENGLAND
WN Phillips (AUS),AUS
D Pretorius (SA),SA
CAK Rajitha (SL),SL
DA Renneberg (AUS),AUS
SV Samuelson (SA),SA
Tareq Aziz (BDESH),WORLD
AL Thomson (AUS),AUS
RGCE Wijesuriya (SL),SL
W Bell (NZ),NZ
MI Black (WI),WI
W Brearley (ENG),ENGLAND
G Cripps (SA),SA
Ehsan Adil (PAK),PAK
NR Ferreira (ZIM),WORLD
GK Glover (SA),SA
JC Hill (AUS),AUS
AN Hornby (ENG),ENGLAND
JD Lindsay (SA),SA
MJ McCague (ENG),ENGLAND
GA Manou (AUS),AUS
WP Masakadza (ZIM),WORLD
T Meale (NZ),NZ
LE Nagel (AUS),AUS
DJ Pattinson (ENG),ENGLAND
NV Radford (ENG),ENGLAND
JC Reedman (AUS),AUS
VPFA Royle (ENG),ENGLAND
J Trim (WI),WI
GL Wight (WI),WI
RD Woolley (AUS),AUS
RRS Cornwall (WI),WI
HT Davis (NZ),NZ
F de Wet (SA),SA
CJ Eady (AUS),AUS
I Khan (SA),SA
LA Markham (SA),SA
T Maruma (ZIM),WORLD
TB Mitchell (ENG),ENGLAND
Naved Latif (PAK),PAK
SS Schultz (ENG),ENGLAND
T Shamsi (SA),SA
SW Tait (AUS),AUS
MF Tremlett (ENG),ENGLAND
A Wharton (ENG),ENGLAND
HV Baumgartner (SA),SA
DC Cleverley (NZ),NZ
A Coxon (ENG),ENGLAND
LP Jai (INDIA),INDIA
S Jeganathan (SL),SL
HW Lee (ENG),ENGLAND
AJW McIntyre (ENG),ENGLAND
SV Nayak (INDIA),INDIA
AL Phehlukwayo (SA),SA
OP Stone (ENG),ENGLAND
AJ Traicos (SA/ZIM),WORLD
LL Tsotsobe (SA),SA
AR Adams (NZ),NZ
JJ Bumrah (INDIA),INDIA
BB Cooper (AUS),AUS
AJ Evans (ENG),ENGLAND
MJ Gopalan (INDIA),INDIA
Gursharan Singh (INDIA),INDIA
C Heseltine (ENG),ENGLAND
AR McBrine (IRE),WORLD
JE McConnon (ENG),ENGLAND
EG McLeod (NZ),NZ
Mohammad Hussain (PAK),PAK
Mujeeb Ur Rahman (AFG),WORLD
RAP Nissanka (SL),SL
NJ O'Brien (IRE),WORLD
Sajedul Islam (BDESH),WORLD
RH Scott (NZ),NZ
EL St Hill (WI),WI
AI Taylor (SA),SA
HH Alexander (AUS),AUS
RT Barber (NZ),NZ
GD Barlow (ENG),ENGLAND
GA Briant (ZIM),WORLD
D Brookes (ENG),ENGLAND
LS Brown (SA),SA
S Christopherson (ENG),ENGLAND
JL Cox (SA),SA
DT Dewdney (WI),WI
R Dhanraj (WI),WI
BBM Gaskin (WI),WI
S Guha (INDIA),INDIA
Khalid Hasan (PAK),PAK
EZ Matambanadzo (ZIM),WORLD
Nasir Jamal (AFG),WORLD
N Ncube (ZIM),WORLD
Niaz Ahmed (PAK),PAK
AD Pougher (ENG),ENGLAND
N Reid (SA),SA
Sohail Tanvir (PAK),PAK
PIC Thompson (WI),WI
AGD Wickremasinghe (SL),SL
M Baqa Jilani (INDIA),INDIA
DV Brennan (ENG),ENGLAND
RP Burl (ZIM),WORLD
LS Butler (WI),WI
W Carkeek (AUS),AUS
MVT Fernando (SL),SL
Imran Khan (PAK),PAK
CK Langeveldt (SA),SA
JDF Larter (ENG),ENGLAND
James Lillywhite jnr (ENG),ENGLAND
Muhammad Musa (PAK),PAK
R Nanan (WI),WI
Nazmul Hossain (BDESH),WORLD
JM Neblett (WI),WI
AE Ochse (SA),SA
MB Owens (NZ),NZ
JB Plimsoll (SA),SA
AW Powell (SA),SA
JM Sims (ENG),ENGLAND
DJ Terbrugge (SA),SA
VP Terry (ENG),ENGLAND
A Waddington (ENG),ENGLAND
Agha Zahid (PAK),PAK
Anwar Khan (PAK),PAK
AL Apte (INDIA),INDIA
HJ Butler (ENG),ENGLAND
CG Fichardt (SA),SA
JC Hartley (ENG),ENGLAND
PA Hibbert (AUS),AUS
H Howell (ENG),ENGLAND
HL Jackson (ENG),ENGLAND
SS Karim (INDIA),INDIA
C Munro (NZ),NZ
T Mupariwa (ZIM),WORLD
W Mwayenga (ZIM),WORLD
L Ngidi (SA),SA
AW Palm (SA),SA
MR Rege (INDIA),INDIA
MWW Selvey (ENG),ENGLAND
Sohrawordi Shuvo (BDESH),WORLD
MJC Allom (ENG),ENGLAND
Anwar Hossain (BDESH),WORLD
Azam Khan (PAK),PAK
Azhar Khan (PAK),PAK
GF Cresswell (NZ),NZ
P Hutchinson (SA),SA
TE Kane (IRE),WORLD
Khalid Wazir (PAK),PAK
F Martin (ENG),ENGLAND
S Morris (AUS),AUS
PWA Mulder (SA),SA
CT Mumba (ZIM),WORLD
B Muzarabani (ZIM),WORLD
MJ Nicholson (AUS),AUS
ASM Oakman (ENG),ENGLAND
CT Patankar (INDIA),INDIA
SR Patil (INDIA),INDIA
HLE Promnitz (SA),SA
A Rose-Innes (SA),SA
Subashis Roy (BDESH),WORLD
NC Tufnell (ENG),ENGLAND
GF Vernon (ENG),ENGLAND
KIW Wijegunawardene (SL),SL
Ziaur Rahman (BDESH),WORLD
SN Banerjee (INDIA),INDIA
A Coningham (AUS),AUS
WH Cooper (AUS),AUS
Hon.CJ Coventry (ENG),ENGLAND
TWJ Goddard (ENG),ENGLAND
L Hone (ENG),ENGLAND
Jubair Hossain (BDESH),WORLD
UN Kulkarni (INDIA),INDIA
HA Musgrove (AUS),AUS
PWG Parker (ENG),ENGLAND
R Pollard (ENG),ENGLAND
RR Powar (INDIA),INDIA
S Ragoonath (WI),WI
RT Stanyforth (ENG),ENGLAND
RB Stewart (SA),SA
PHJ Trimborn (SA),SA
KP Walmsley (NZ),NZ
CAK Walton (WI),WI
T Yohannan (INDIA),INDIA
CE Floquet (SA),SA
Ghulam Abbas (PAK),PAK
GL Gibbs (WI),WI
G Gladstone (WI),WI
JL Hopwood (ENG),ENGLAND
LWS Kaluperuma (SL),SL
NT Pascal (WI),WI
ACS Pigott (ENG),ENGLAND
GK Robertson (NZ),NZ
Shahid Saeed (PAK),PAK
Wafadar Momand (AFG),WORLD
FH Walters (AUS),AUS
CD Watson (WI),WI
MG Webb (NZ),NZ
MR Adair (IRE),WORLD
FS Ahangama (SL),SL
BJ Bess (WI),WI
EG Bock (SA),SA
SJE Brown (ENG),ENGLAND
SS Cottrell (WI),WI
WF Giffen (AUS),AUS
EJ Gregory (AUS),AUS
TU Groube (AUS),AUS
GM Guard (INDIA),INDIA
CEJ Guest (AUS),AUS
AE Hall (SA),SA
H Klaasen (SA),SA
VM Muddiah (INDIA),INDIA
JM Noreiga (WI),WI
AL Ochse (SA),SA
G Sharma (INDIA),INDIA
CK Singh (WI),WI
J Slight (AUS),AUS
GB Street (ENG),ENGLAND
R Vinay Kumar (INDIA),INDIA
MG Waite (AUS),AUS
KA Walter (SA),SA
BT Watambwa (ZIM),WORLD
PN Webb (NZ),NZ
JJ Whitaker (ENG),ENGLAND
JP Agnew (ENG),ENGLAND
Kabir Ali (ENG),ENGLAND
GD Campbell (AUS),AUS
B Casson (AUS),AUS
AC Dawson (SA),SA
H Dean (ENG),ENGLAND
AM de Silva (SL),SL
WRS de Silva (SL),SL
CJ Drum (NZ),NZ
GM Emmett (ENG),ENGLAND
ESH Giddins (ENG),ENGLAND
JR Hodges (AUS),AUS
CL Johnson (SA),SA
TA Lloyd (ENG),ENGLAND
CJ McKay (AUS),AUS
JM Mennie (AUS),AUS
BD Morrison (NZ),NZ
DT Mutendera (ZIM),WORLD
AM Pai (INDIA),INDIA
KE Palmer (ENG),ENGLAND
Pankaj Singh (INDIA),INDIA
SF Rehman (PAK),PAK
JPF Travers (AUS),AUS
KEA Upashantha (SL),SL
PK Wijetunge (SL),SL
ER Wilson (ENG),ENGLAND
B Yograj Singh (INDIA),INDIA
KN Amalean (SL),SL
TS Chisoro (ZIM),WORLD
LJ Coldwell (ENG),ENGLAND
EQ Davies (SA),SA
M de Lange (SA),SA
RR Dower (SA),SA
A Hearne (ENG),ENGLAND
Iftikhar Anjum (PAK),PAK
TF Johnson (WI),WI
LR Joslin (AUS),AUS
J McIlwraith (AUS),AUS
B Mavuta (ZIM),WORLD
Mohammad Khalil (PAK),PAK
NO Norton (SA),SA
RJ Quiney (AUS),AUS
Riaz Afridi (PAK),PAK
GF Rorke (AUS),AUS
BN Schultz (SA),SA
AK Sengupta (INDIA),INDIA
FW Tate (ENG),ENGLAND
DS Tomlinson (SA),SA
Zakir Khan (PAK),PAK
Agha Saadat Ali (PAK),PAK
Alamgir Kabir (BDESH),WORLD
HS Chang (WI),WI
UG Dowe (WI),WI
FJ Durston (ENG),ENGLAND
PA Emery (AUS),AUS
N Gordon (SA),SA
J Harry (AUS),AUS
M Henderson (NZ),NZ
CFW Hime (SA),SA
DJ Johnson (INDIA),INDIA
S Kalavitigoda (SL),SL
ACI Lock (ZIM),WORLD
HSB Love (AUS),AUS
DAN McRae (NZ),NZ
NA Mallender (ENG),ENGLAND
NE Marshall (WI),WI
BD Milburn (NZ),NZ
Mufasir-ul-Haq (PAK),PAK
N M'shangwe (ZIM),WORLD
Naseem Shah (PAK),PAK
GWF Overton (NZ),NZ
AL Padmore (WI),WI
GH Pope (ENG),ENGLAND
U Ranchod (ZIM),WORLD
CR Rangachari (INDIA),INDIA
KV Sharma (INDIA),INDIA
JT Willoughby (SA),SA
RJ Blakey (ENG),ENGLAND
N Chopra (INDIA),INDIA
FJ Cook (SA),SA
Ehsanul Haque (BDESH),WORLD
Faisal Hossain (BDESH),WORLD
WHB Frank (SA),SA
RHM Hands (SA),SA
RI Harford (NZ),NZ
Ikram Alikhil (AFG),WORLD
SD Jack (SA),SA
CM Kuggeleijn (NZ),NZ
WHV Levett (ENG),ENGLAND
TG McMahon (NZ),NZ
AM Matheson (NZ),NZ
W Mead (ENG),ENGLAND
Mohammad Zahid (PAK),PAK
Munir Malik (PAK),PAK
S Nyalchand (INDIA),INDIA
GAHM Parkar (INDIA),INDIA
Rafiqul Islam (BDESH),WORLD
Shahid Israr (PAK),PAK
H Smith (ENG),ENGLAND
J Southerton (ENG),ENGLAND
A Warren (ENG),ENGLAND
DM Washington (WI),WI
GEC Wood (ENG),ENGLAND
SA Ankola (INDIA),INDIA
MA Beer (AUS),AUS
R Berry (ENG),ENGLAND
AR Bhat (INDIA),INDIA
JH Cameron (WI),WI
PP Chawla (INDIA),INDIA
DP Conyngham (SA),SA
AHC Cooper (SA),SA
WH Copson (ENG),ENGLAND
G Coulthard (AUS),AUS
MS Crane (ENG),ENGLAND
AC Dale (AUS),AUS
AR Dell (AUS),AUS
SH Emery (AUS),AUS
CE Finlason (SA),SA
PLS Gamage (SL),SL
RA Gaunt (AUS),AUS
R Graham (SA),SA
Harvinder Singh (INDIA),INDIA
JM Holland (AUS),AUS
AP Igglesden (ENG),ENGLAND
VV Kumar (INDIA),INDIA
F Morley (ENG),ENGLAND
SA Muller (AUS),AUS
TK Musakanda (ZIM),WORLD
DC Parkin (SA),SA
WFF Price (ENG),ENGLAND
CFH Prince (SA),SA
Rajinder Pal (INDIA),INDIA
V Razdan (INDIA),INDIA
AR Richards (SA),SA
TL Richmond (ENG),ENGLAND
MW Rushmere (SA),SA
KJ Silva (SL),SL
RA Sinfield (ENG),ENGLAND
R Wood (ENG),ENGLAND
FE Allan (AUS),AUS
IBA Allen (WI),WI
WM Anderson (NZ),NZ
SG Borthwick (ENG),ENGLAND
T Bosch (SA),SA
GR Breese (WI),WI
GE Corling (AUS),AUS
A Ducat (ENG),ENGLAND
KH Eastwood (AUS),AUS
JN Hamilton (WI),WI
A Hurwood (AUS),AUS
RJD Jamshedji (INDIA),INDIA
HK Jayantilal (INDIA),INDIA
TP Kamungozi (ZIM),WORLD
NM Kulkarni (INDIA),INDIA
FA MacKinnon (ENG),ENGLAND
Mahbubul Alam (BDESH),WORLD
AP Marr (AUS),AUS
NO Miller (WI),WI
NS Mitchell-Innes (ENG),ENGLAND
GH Mudie (WI),WI
TRO Payne (WI),WI
S Prasanna (SL),SL
RH Robinson (AUS),AUS
AHP Scott (WI),WI
SMSM Senanayake (SL),SL
A Shahzad (ENG),ENGLAND
GL Tapscott (SA),SA
B Arun (INDIA),INDIA
HK Bennett (NZ),NZ
ID Blackwell (ENG),ENGLAND
C Burke (NZ),NZ
FJ Burton (AUS),AUS
ID Buys (SA),SA
JAK Cochran (SA),SA
C Cook (ENG),ENGLAND
JT Cottam (AUS),AUS
Ebadat Hossain (BDESH),WORLD
CJ Ferguson (AUS),AUS
H Foley (NZ),NZ
RA Gleeson (SA),SA
T Greenhough (ENG),ENGLAND
MJ Haslam (NZ),NZ
Irfan Fazil (PAK),PAK
MP Jarvis (ZIM),WORLD
Javed Akhtar (PAK),PAK
GR Loveridge (NZ),NZ
Mir Hamza (PAK),PAK
Nazmul Islam (BDESH),WORLD
WHM Richards (SA),SA
AM Smith (ENG),ENGLAND
HD Smith (NZ),NZ
WRT Solomon (SA),SA
Khaled Ahmed (BDESH),WORLD
JO Taylor (WI),WI
SN Thakur (INDIA),INDIA
JJ Warr (ENG),ENGLAND
AJ Webbe (ENG),ENGLAND
S Young (AUS),AUS
ST Banerjee (INDIA),INDIA
A Brown (ENG),ENGLAND
NR Chowdhury (INDIA),INDIA
CB Clarke (WI),WI
SH Cook (AUS),AUS
JRF Duncan (AUS),AUS
Farooq Hamid (PAK),PAK
IS Gallage (SL),SL
JB Gannon (AUS),AUS
JK Irani (INDIA),INDIA
JB Iverson (AUS),AUS
Jalal-ud-Din (PAK),PAK
IS Madray (WI),WI
MJ Mason (NZ),NZ
CWL Parker (ENG),ENGLAND
GM Parker (SA),SA
RTD Perks (ENG),ENGLAND
RJ Pope (AUS),AUS
MA Small (WI),WI
CA Smith (ENG),ENGLAND
MM Sood (INDIA),INDIA
GR Sunderam (INDIA),INDIA
CDUS Weerasinghe (SL),SL
AP Wells (ENG),ENGLAND
LL Wilkinson (ENG),ENGLAND
JH Childs (ENG),ENGLAND
V Dahiya (INDIA),INDIA
JF du Toit (SA),SA
Ehteshamuddin (PAK),PAK
DL Freeman (NZ),NZ
PR George (AUS),AUS
AR Gover (ENG),ENGLAND
RSA Jayasekera (SL),SL
JJ Kotze (SA),SA
RR Kulkarni (INDIA),INDIA
AF Lissette (NZ),NZ
BE McGain (AUS),AUS
ES Maka (INDIA),INDIA
ADG Matthews (ENG),ENGLAND
Qaiser Abbas (PAK),PAK
Ranjan Das (BDESH),WORLD
WR Robertson (AUS),AUS
AD Russell (WI),WI
RL Sanghvi (INDIA),INDIA
A Sidebottom (ENG),ENGLAND
HM Taberer (SA),SA
KK Tarapore (INDIA),INDIA
NHCD Theunissen (SA),SA
JD Unadkat (INDIA),INDIA
L Watt (NZ),NZ
CA Wiles (WI),WI
Aizaz Cheema (PAK),PAK
Imtiaz Ali (WI),WI
Ashfaq Ahmed (PAK),PAK
WH Ashley (SA),SA
MT Chinouya (ZIM),WORLD
IA Colquhoun (NZ),NZ
Z Crawley (ENG),ENGLAND
A Dolphin (ENG),ENGLAND
LH Ferguson (NZ),NZ
RL Fuller (WI),WI
BR Jurangpathy (SL),SL
ESM Kentish (WI),WI
SC Kerrigan (ENG),ENGLAND
FL le Roux (SA),SA
EB Lundie (SA),SA
Miran Bakhsh (PAK),PAK
S Nadeem (INDIA),INDIA
DD Parsana (INDIA),INDIA
SW Poynter (IRE),WORLD
L Ramji (INDIA),INDIA
JA Richardson (AUS),AUS
MJ Saggers (ENG),ENGLAND
DG Sewell (NZ),NZ
Shakeel Ahmed snr (PAK),PAK
KN Slater (AUS),AUS
LB Taylor (ENG),ENGLAND
G Thornton (SA),SA
Waqar Salamkheil (AFG),WORLD
Yasir Ali (PAK),PAK
MKDI Amerasinghe (SL),SL
SA Banerjee (INDIA),INDIA
JE Benjamin (ENG),ENGLAND
GE Bond (SA),SA
LA Butterfield (NZ),NZ
DW Carr (ENG),ENGLAND
GA Chevalier (SA),SA
SP Davis (AUS),AUS
CD Dixon (SA),SA
JH du Preez (SA),SA
GF Grace (ENG),ENGLAND
RPW Guneratne (SL),SL
GG Hall (SA),SA
GM Hamilton (ENG),ENGLAND
MA Hanley (SA),SA
GG Hearne (ENG),ENGLAND
D Hettiarachchi (SL),SL
WA Hunt (AUS),AUS
AS Jaggernauth (WI),WI
GA Kempis (SA),SA
AK Kuruppuarachchi (SL),SL
IB Leggat (NZ),NZ
PT Lewis (SA),SA
JW McLaren (AUS),AUS
JEP McMaster (ENG),ENGLAND
CS Marriott (ENG),ENGLAND
KR Meherhomji (INDIA),INDIA
KD Meuleman (AUS),AUS
DS Mohanty (INDIA),INDIA
AW Mold (ENG),ENGLAND
Nadeem Ghauri (PAK),PAK
M Ngam (SA),SA
RL Park (AUS),AUS
RGM Patel (INDIA),INDIA
KK Peters (WI),WI
HJ Rhodes (ENG),ENGLAND
LA Roberts (WI),WI
CG Rowe (NZ),NZ
CJ Sayers (AUS),AUS
TAP Sekhar (INDIA),INDIA
RHD Sellers (AUS),AUS
R Singh (INDIA),INDIA
SD Snooke (SA),SA
HM Thurlow (AUS),AUS
LR Tuckett (SA),SA
PS Twentyman-Jones (SA),SA
EJ Tyler (ENG),ENGLAND
M Venkataramana (INDIA),INDIA
DW White (ENG),ENGLAND
P Wilson (AUS),AUS
CS Wimble (SA),SA
Zahir Khan (AFG),WORLD
Ali Hussain Rizvi (PAK),PAK
PJ Allan (AUS),AUS
JC Clay (ENG),ENGLAND
DJ Cullen (AUS),AUS
HT Dani (INDIA),INDIA
Farrukh Zaman (PAK),PAK
AB Howard (WI),WI
A Khan (ENG),ENGLAND
JCW MacBryan (ENG),ENGLAND
LR Pierre (WI),WI
V Rajindernath (INDIA),INDIA
HD Read (ENG),ENGLAND
CF Root (ENG),ENGLAND
Shahid Mahboob (PAK),PAK
RC Shukla (INDIA),INDIA
CA Snedden (NZ),NZ
VN Swamy (INDIA),INDIA
Usman Shinwari (PAK),PAK
CM Willoughby (SA),SA
JW Wilson (AUS),AUS
